net,length_um
_0657_,914.24
_0591_,798.43
_1312_,783.425
net85,716.06
_0635_,710.96
_0627_,674.1
_0642_,669.21
net242,660.505
_0574_,639.38
_0809_,638.05
_3037_,635.845
net86,628.25
net91,627.4
net84,618.02
_0618_,609.07
_0601_,607.535
net88,596.1
_1180_,591.625
net99,582.705
net94,582.15
_0609_,581.575
_0844_,572.835
net90,570.48
net89,562.695
net247,557.29
net92,554.21
_1421_,550.745
clknet_3_6_0_i_clk,544.88
_1955_,538.905
_1449_,536.99
_3345_,531.62
net93,531.265
_1359_,530.36
clknet_3_7_0_i_clk,529.99
_1612_,523.695
_1313_,518.59
_1420_,507.49
net234,505.26
net235,498.345
net252,496.995
_0561_,495.255
_3007_,487.545
net251,486.85
_1353_,486.64
net96,486.605
_0583_,484.84
_1410_,483.635
clknet_3_5_0_i_clk,482.68
_3130_,482.02
_1509_,479.415
net41,477.77
_1105_,477.61
net75,476.765
net240,475.065
_3136_,474.19
_3143_,470.265
_1182_,468.315
net100,464.98
_1110_,464.755
_1630_,464.215
_0553_,463.65
_0648_,459.43
_3113_,453.785
_1490_,453.32
net104,452.44
_3120_,444.53
net244,442.2
_1633_,441.535
_1355_,438.27
_1317_,435.895
_0696_,433.16
_3068_,429.545
_1197_,428.94
_1402_,427.9
_1626_,426.865
i_clk,424.985
_1562_,422.61
_1500_,420.42
_3089_,418.275
_1551_,417.595
_1608_,415.995
_3055_,413.795
_3074_,412.375
clknet_3_1_0_i_clk,409.06
_3098_,408.75
_1395_,405.39
_1555_,403.355
net95,400.29
_3367_,399.455
net223,398.665
_3082_,398.54
_1442_,398.115
clknet_3_4_0_i_clk,397.805
_1563_,397.465
_1323_,396.435
execute.alu_mul_div.i_mul,395.76
_1356_,392.09
_1718_,391.055
_1428_,390.65
net128,389.395
clknet_3_0_0_i_clk,384.51
_1925_,381.985
_1460_,380.89
_3105_,380.18
_1325_,380.095
_1517_,379.945
net195,379.11
_1307_,374.77
_0174_,374.46
net145,374.125
net218,373.93
_1345_,373.31
_3044_,372.615
_1443_,371.685
_1609_,371.19
_3532_,370.97
_1461_,370.28
_0544_,370.05
_1361_,364.05
net1,362.84
_1480_,359.735
_1644_,357.86
_1106_,357.275
_0523_,356.7
_1339_,355.75
_1658_,354.615
_2296_,354.445
_1435_,352.75
_3328_,352.72
_0666_,351.355
_3151_,351.07
_3523_,350.965
_1218_,350.59
_3095_,349.655
_3370_,348.55
_3361_,348.205
_2044_,347.56
_1479_,347.32
net112,347.21
_3326_,344.965
_3060_,344.025
_3389_,343.145
_1403_,342.805
_1543_,341.285
_1193_,341.195
_1578_,340.75
_0740_,339.415
_1103_,339.005
clknet_3_3_0_i_clk,338.605
_2752_,338.415
_1989_,337.795
_3492_,337.5
_1305_,337.44
_1159_,337.29
_2117_,337.215
execute.sreg_long_ptr_en,336.07
_0838_,334.86
_1126_,334.73
_3356_,333.96
_1379_,332.95
net135,332.08
_3377_,331.91
_0526_,331.6
_3386_,331.25
decode.oc_alu_mode\[6\],329.47
net239,329.335
_3410_,329.275
_1628_,325.77
_1277_,324.64
_1508_,322.515
_3544_,322.17
_3352_,321.15
_1549_,320.745
_3380_,320.64
net2,320.17
net144,317.845
_1471_,314.63
_3348_,314.095
_1627_,314.07
_1401_,313.235
net221,312.805
net220,312.385
_3383_,310.91
_0859_,310.125
_1387_,310.125
_1468_,307.93
net231,307.525
_0845_,306.185
_1515_,305.835
net219,305.685
_1394_,305.34
_0517_,304.87
_3790_,304.75
_1436_,304.705
net222,304.035
_1311_,303.18
net241,303.17
_0819_,303.075
_3773_,302.52
_3518_,302.49
net141,302.34
_3374_,301.295
_1348_,301.1
_3465_,300.88
_3779_,300.87
net237,299.895
_1389_,299.635
_3451_,299.53
_1315_,299.515
_3794_,298.85
_3415_,297.88
_1383_,297.18
clknet_3_2_0_i_clk,296.885
_3477_,296.735
_3553_,296.46
_1332_,295.94
net225,295.835
_0787_,295.22
_1310_,295.215
_1808_,295.105
_0743_,295.085
_0744_,295.04
_0536_,293.795
_3499_,293.42
_1469_,293.04
_3522_,292.66
_1651_,292.545
net3,291.37
_3783_,290.955
net230,290.905
_3506_,290.84
_1349_,289.825
_0676_,289.335
net238,288.82
_1818_,287.715
_1927_,287.57
net233,287.315
_0837_,286.355
_3424_,285.78
_2616_,285.395
_1622_,285.39
_1347_,284.23
_1185_,283.28
execute.rf.reg_outputs\[7\]\[8\],282.515
_1181_,282.145
_3372_,281.66
_2193_,280.925
_0703_,279.63
_1966_,279.595
_0856_,279.45
net200,278.675
_1621_,277.885
_3480_,277.75
_1898_,277.08
net14,276.94
_3800_,276.9
_1941_,276.63
decode.o_submit,276.2
_0710_,274.92
net136,273.97
net8,273.665
_3478_,272.27
_1616_,271.84
net4,271.675
_1827_,271.57
_0525_,271.47
_1541_,271.31
net11,271.07
_1899_,270.335
_0808_,269.505
decode.oc_alu_mode\[11\],269.05
_0788_,268.7
_1993_,268.425
_3336_,268.33
_2512_,268.295
execute.o_reg_ie\[4\],268.08
_3340_,267.335
_0671_,266.675
_1579_,265.83
_0514_,265.57
_0756_,264.82
_1330_,263.89
net224,263.65
_3759_,263.19
net6,262.875
_0529_,262.845
net229,262.74
net226,262.73
_0847_,262.445
_0510_,262.305
_1327_,262.165
net10,261.545
_1624_,261.52
net119,261.295
net227,260.86
_1319_,260.825
execute.o_reg_ie\[5\],260.74
_0713_,260.68
net232,260.51
_1497_,259.67
_1580_,259.47
_1335_,259.445
_3479_,259.445
_3436_,258.965
_3763_,258.15
net7,257.24
_0702_,256.92
execute.rf.reg_outputs\[3\]\[6\],255.625
net137,254.925
_2682_,254.48
_0914_,254.385
execute.sreg_irq_pc.o_d\[5\],253.97
_2544_,253.335
_3543_,252.29
execute.alu_flag_reg.o_d\[1\],252.085
_1406_,250.625
net13,249.995
_1377_,249.535
_0705_,249.28
_0851_,249.195
_2802_,248.795
_3398_,248.55
net102,248.51
net228,248.485
_1167_,248.36
_0512_,248.175
execute.sreg_irq_pc.o_d\[4\],247.99
_0706_,247.12
net9,246.565
_2993_,245.97
_0753_,244.51
net120,242.495
net15,241.78
_1321_,241.75
net243,241.665
execute.o_reg_ie\[3\],241.315
_0870_,240.935
_1322_,240.55
_1328_,239.89
net76,239.615
_2866_,239.59
net103,239.285
_1358_,237.89
_1535_,237.67
net23,237.335
_3489_,237.055
_3191_,236.925
_2315_,236.375
_0747_,236.11
_0532_,236.055
_3521_,235.845
decode.oc_alu_mode\[9\],235.475
_2617_,235.065
_3333_,233.925
net101,233.6
_1631_,232.985
_0528_,232.515
_3349_,231.505
execute.sreg_data_page,230.865
net217,230.665
_0670_,230.635
_3456_,230.36
_3413_,230.35
net20,229.405
_1393_,229.345
_0916_,228.74
_2882_,228.365
_0531_,228.1
_3173_,228.09
_2816_,227.94
_2418_,227.64
_1351_,227.375
_0746_,226.715
_1340_,226.65
decode.oc_alu_mode\[4\],226.575
_2680_,226.485
_2394_,226.2
_0672_,225.72
_3330_,225.72
_2842_,225.505
execute.rf.reg_outputs\[6\]\[3\],225.435
_1828_,225.27
_1133_,225.26
_1656_,224.62
execute.o_reg_ie\[1\],223.71
decode.i_instr_l\[15\],223.675
_0519_,223.435
_2977_,223.235
_3425_,222.84
_3439_,222.46
_2942_,220.99
execute.rf.reg_outputs\[1\]\[6\],220.48
execute.rf.reg_outputs\[4\]\[3\],220.24
net18,220.08
_1516_,219.795
execute.rf.reg_outputs\[7\]\[9\],219.515
_3304_,219.475
_3500_,219.27
_0793_,218.9
_1135_,218.81
_0760_,218.285
_2896_,217.91
_1921_,217.55
decode.i_flush,217.255
execute.sreg_irq_pc.o_d\[2\],217.245
_1615_,216.635
_1649_,216.485
_0904_,215.615
_0767_,214.7
execute.rf.reg_outputs\[1\]\[7\],214.315
_3353_,214.115
net146,213.84
_1591_,213.075
_0764_,212.6
_0770_,212.335
_1380_,212.235
_1861_,211.93
_1743_,211.9
execute.sreg_irq_pc.o_d\[1\],211.405
execute.o_reg_ie\[0\],210.74
_0773_,210.62
execute.alu_mul_div.mul_res\[11\],210.335
_0518_,210.155
decode.oc_alu_carry_en,209.92
_1334_,209.16
_1341_,209.09
_1207_,208.16
_3414_,207.705
_2918_,207.155
execute.sreg_irq_pc.o_d\[7\],206.97
net19,206.9
_1540_,206.855
net138,206.665
execute.rf.reg_outputs\[7\]\[10\],206.485
execute.alu_mul_div.mul_res\[8\],206.28
net12,206.24
_0700_,206.11
_3501_,205.98
decode.i_instr_l\[11\],205.82
_2957_,205.675
_3332_,205.52
execute.rf.reg_outputs\[3\]\[4\],205.48
_3360_,205.43
execute.rf.reg_outputs\[6\]\[6\],205.35
decode.oc_jump_cond_code\[0\],204.79
_3446_,204.57
_3393_,204.425
_1304_,204.35
execute.rf.reg_outputs\[5\]\[15\],204.01
_1264_,203.945
net17,203.575
_2724_,203.35
net142,203.32
decode.oc_jump_cond_code\[1\],203.2
_1362_,202.565
_0566_,202.5
_0906_,202.19
_2776_,202.19
_1306_,201.615
execute.rf.reg_outputs\[5\]\[6\],201.54
execute.rf.reg_outputs\[1\]\[5\],200.745
execute.sreg_irq_pc.o_d\[6\],200.745
net139,200.67
_1834_,200.57
_3357_,200.395
decode.i_instr_l\[12\],200.285
_1429_,199.99
decode.i_instr_l\[10\],199.705
execute.o_reg_ie\[7\],199.37
_0567_,198.92
_1164_,198.855
_1489_,198.18
_3457_,198.095
_1697_,197.815
_2753_,197.715
execute.rf.reg_outputs\[5\]\[12\],197.53
fetch.out_buffer_valid,197.23
execute.alu_mul_div.mul_res\[10\],197.02
_1498_,197
net16,196.32
_1865_,196.205
_2700_,195.69
execute.rf.reg_outputs\[4\]\[7\],195.605
_3458_,195.5
net121,195.47
_1574_,195.01
_2515_,194.47
net143,193.935
_1343_,193.81
execute.rf.reg_outputs\[4\]\[6\],192.225
net47,191.445
_1125_,191.215
execute.rf.reg_outputs\[7\]\[11\],191.05
_1833_,190.36
_1641_,189.73
execute.alu_mul_div.mul_res\[5\],189.35
net87,189.255
_0772_,189.21
execute.alu_mul_div.mul_res\[9\],189.045
_0762_,188.895
_0547_,188.715
net5,188.7
_0569_,188.595
net122,187.93
net140,187.875
decode.oc_jump_cond_code\[2\],187.615
execute.rf.reg_outputs\[4\]\[2\],187.495
_3391_,187.425
_3625_,186.755
_1821_,186.415
_0900_,186.405
decode.i_instr_l\[13\],186.035
_0738_,185.79
_0668_,185.675
_1160_,185.645
_0680_,185.045
_3363_,184.02
net134,183.28
decode.i_instr_l\[14\],183.11
_2055_,182.625
_1174_,182.24
_3434_,181.605
_0678_,181.57
_0766_,181.465
execute.rf.reg_outputs\[1\]\[4\],181.015
_3341_,180.775
execute.alu_mul_div.mul_res\[6\],180.735
_0758_,179.985
_3582_,179.89
_1767_,179.88
_1824_,179.58
_0691_,179.305
clknet_1_0_0_i_clk,179.265
_3597_,179.135
_1234_,178.88
execute.rf.reg_outputs\[7\]\[14\],178.54
execute.alu_mul_div.mul_res\[7\],178.445
clknet_1_1_0_i_clk,178.26
execute.alu_mul_div.mul_res\[12\],178.215
_1173_,178
execute.alu_mul_div.mul_res\[4\],177.835
_1119_,177.76
_3579_,177.625
execute.rf.reg_outputs\[7\]\[15\],176.945
_1559_,176.655
_0565_,176.2
execute.rf.reg_outputs\[5\]\[14\],176.1
decode.oc_alu_mode\[3\],176.085
_2687_,175.87
_3192_,175.225
net123,174.335
_1121_,173.995
net45,173.63
_1314_,172.74
net197,172.56
_0761_,172.53
_0791_,171.795
_2114_,170.97
_0902_,170.94
net48,170.355
execute.alu_mul_div.mul_res\[3\],169.965
_3327_,169.845
execute.sreg_irq_pc.o_d\[0\],169.69
_1367_,169.485
_1577_,169.445
_3664_,169.435
_1360_,169.215
execute.rf.reg_outputs\[4\]\[9\],169.105
_0699_,169.1
_0912_,168.605
_3468_,168.575
_1823_,168.495
execute.alu_mul_div.mul_res\[13\],168.17
net132,167.775
_1381_,167.665
execute.rf.reg_outputs\[3\]\[3\],167.655
_2618_,167.055
net245,166.745
net236,166.695
_1542_,166.345
_0568_,166.305
_1331_,166.285
_1155_,166.21
decode.oc_l_reg_sel\[2\],166.115
execute.o_reg_ie\[6\],165.935
net133,165.765
_0677_,165.185
execute.alu_mul_div.mul_res\[2\],165.13
_0794_,165.105
execute.rf.reg_outputs\[6\]\[2\],165.05
_1949_,164.505
_1308_,164.125
clknet_0_i_clk,164.045
_1030_,163.555
execute.o_reg_ie\[2\],163.155
_3403_,162.79
_1165_,162.64
_3600_,162.405
_0910_,162.06
clknet_2_3_0_i_clk,161.81
decode.i_instr_l\[7\],161.1
execute.rf.reg_outputs\[7\]\[12\],160.1
execute.rf.reg_outputs\[6\]\[5\],160.095
_0689_,160.035
_0898_,159.865
_1350_,159.6
execute.rf.reg_outputs\[6\]\[9\],159.595
_3392_,159.09
execute.sreg_irq_pc.o_d\[15\],157.845
execute.rf.reg_outputs\[6\]\[4\],157.785
net129,157.53
_3331_,157.21
execute.rf.reg_outputs\[7\]\[7\],156.915
_2689_,156.785
decode.oc_alu_mode\[2\],156.705
execute.rf.reg_outputs\[5\]\[5\],156.675
net46,156.36
execute.rf.reg_outputs\[7\]\[13\],156.29
_1717_,156.235
_0775_,156.095
execute.rf.reg_outputs\[4\]\[5\],156.09
_1042_,155.7
_0684_,154.795
net124,154.73
execute.rf.reg_outputs\[6\]\[7\],154.515
execute.rf.reg_outputs\[2\]\[11\],153.395
_3039_,153.38
_1604_,153.325
execute.rf.reg_outputs\[5\]\[2\],153.225
_1039_,152.465
_0807_,152.45
_3594_,152.305
_3709_,152.19
_0765_,151.995
_0511_,151.695
net130,151.16
execute.rf.reg_outputs\[4\]\[8\],150.585
_1045_,149.88
_0669_,149.705
execute.pc_high_out\[0\],149.4
execute.rf.reg_outputs\[1\]\[2\],148.695
execute.trap_flag,148.665
_1037_,148.595
_0812_,148.47
execute.rf.reg_outputs\[3\]\[12\],148.44
execute.rf.reg_outputs\[5\]\[13\],148.435
execute.rf.reg_outputs\[2\]\[6\],148
execute.alu_flag_reg.o_d\[0\],147.99
net22,147.63
_3070_,147.295
_3337_,147.24
execute.rf.reg_outputs\[3\]\[13\],146.725
_0840_,146.685
execute.rf.reg_outputs\[3\]\[2\],146.425
execute.rf.reg_outputs\[6\]\[8\],146.015
execute.rf.reg_outputs\[7\]\[6\],145.805
_1539_,145.5
_3047_,144.935
_3654_,144.755
_3595_,144.575
execute.rf.reg_outputs\[3\]\[8\],144.54
_1369_,144.5
_0811_,144.375
_3624_,144.32
_2755_,143.91
_0527_,143.69
execute.rf.reg_outputs\[5\]\[7\],143.24
net131,142.965
execute.rf.reg_outputs\[3\]\[15\],142.95
execute.rf.reg_outputs\[5\]\[9\],142.54
_0786_,142.525
_1853_,142.085
_1928_,141.91
_1153_,141.625
decode.oc_jump_cond_code\[3\],140.765
_1748_,140.685
execute.rf.reg_outputs\[2\]\[15\],140.305
_1288_,139.81
_0593_,139.465
execute.rf.reg_outputs\[5\]\[4\],139.195
execute.rf.reg_outputs\[1\]\[3\],139.075
_0821_,139.055
_0779_,138.61
_1161_,138.435
_3726_,138.415
_1186_,138.39
_2514_,138.155
execute.sreg_irq_pc.o_d\[8\],138.12
_0659_,138.105
_3810_,137.675
_3016_,137.315
_0780_,137.26
_2696_,136.96
execute.alu_flag_reg.o_d\[4\],136.79
execute.rf.reg_outputs\[5\]\[10\],136.705
_1774_,136.65
execute.rf.reg_outputs\[3\]\[5\],136.55
_0781_,136.355
_0795_,136.03
_1028_,135.105
_2683_,134.715
_3565_,134.705
execute.rf.reg_outputs\[3\]\[9\],134.67
_1134_,134.385
execute.sreg_irq_pc.o_d\[3\],134.245
_0804_,133.955
execute.rf.reg_outputs\[4\]\[1\],133.855
_1560_,133.79
net249,133.57
_0664_,133.45
_0580_,133.19
execute.rf.reg_outputs\[6\]\[1\],133.165
_1265_,133.14
_2433_,132.765
execute.alu_mul_div.mul_res\[1\],132.625
_0784_,132.59
_3062_,132.395
execute.sreg_irq_pc.o_d\[9\],132.06
_1600_,131.765
net98,131.23
_0152_,131.22
net126,130.475
execute.alu_mul_div.cbit\[2\],130.16
_0151_,130.05
execute.rf.reg_outputs\[2\]\[7\],129.845
_0755_,129.81
execute.rf.reg_outputs\[5\]\[8\],129.53
execute.rf.reg_outputs\[4\]\[4\],129.52
execute.rf.reg_outputs\[4\]\[10\],129.515
net250,129.32
_1860_,129.26
_2734_,129
_1371_,128.91
_1044_,128.73
_0520_,128.545
execute.rf.reg_outputs\[3\]\[10\],128.535
execute.alu_mul_div.mul_res\[0\],128.46
execute.rf.reg_outputs\[3\]\[14\],128.445
_1558_,128.025
_1773_,127.875
clknet_2_2_0_i_clk,127.76
_3121_,127.735
execute.rf.reg_outputs\[4\]\[0\],127.71
execute.rf.reg_outputs\[2\]\[2\],127.655
_3736_,127.495
_3038_,127.395
_2529_,127.32
_0683_,127.12
_1550_,126.955
execute.rf.reg_outputs\[5\]\[11\],126.785
_2462_,126.64
execute.rf.reg_outputs\[5\]\[3\],126.59
_3435_,126.55
execute.o_data\[6\],126.32
execute.rf.reg_outputs\[2\]\[4\],126.09
net44,125.71
clknet_2_0_0_i_clk,125.58
_0828_,125.145
_3667_,124.975
clknet_leaf_94_i_clk,124.91
_2992_,124.575
execute.rf.reg_outputs\[7\]\[5\],124.565
execute.alu_mul_div.i_div,124.535
_1650_,124.34
_0711_,124.32
execute.o_data\[4\],124.095
_1027_,123.915
net127,123.71
_1583_,123.705
execute.rf.reg_outputs\[4\]\[11\],123.615
_0504_,123.35
execute.rf.reg_outputs\[2\]\[10\],122.83
_3618_,122.58
_3050_,122.015
execute.rf.reg_outputs\[3\]\[7\],121.915
execute.rf.reg_outputs\[5\]\[0\],121.885
execute.rf.reg_outputs\[4\]\[15\],121.67
_3091_,121.42
_3042_,121.385
_1620_,121.35
_0530_,121.235
execute.o_data\[3\],120.83
net246,120.69
_1872_,120.515
decode.i_instr_l\[8\],120.265
clknet_2_1_0_i_clk,120.19
_0909_,119.87
_1034_,119.775
_2910_,119.39
_3747_,119.34
execute.rf.reg_outputs\[7\]\[2\],119.3
_3040_,119.185
execute.alu_mul_div.mul_res\[15\],118.89
execute.alu_mul_div.mul_res\[14\],118.8
_0806_,118.495
_2902_,118.365
_3586_,117.77
execute.rf.reg_outputs\[3\]\[0\],117.77
_3630_,117.755
_1200_,117.705
execute.rf.reg_outputs\[2\]\[12\],117.39
decode.oc_alu_mode\[12\],117.33
_0822_,117.27
_3592_,116.975
_3057_,116.475
execute.rf.reg_outputs\[2\]\[8\],116.41
_3676_,116.18
_1769_,115.74
execute.o_data\[9\],115.61
net72,115.56
_3643_,115.4
_1041_,114.9
_3686_,114.46
decode.oc_mem_long,114.105
_1776_,113.955
_0802_,113.56
_1376_,113.45
_3533_,113.175
_2052_,113.145
_2456_,113.02
_1337_,112.465
_2188_,112.32
decode.oc_alu_mode\[1\],112.265
_3599_,111.685
execute.pc_high_buff_out\[0\],111.445
net43,111.16
_3696_,110.99
execute.o_data\[1\],110.615
net198,110.5
net31,110.455
_0665_,110.16
net28,109.96
_2511_,109.515
_3131_,108.745
_3631_,108.745
_3114_,108.635
execute.rf.reg_outputs\[1\]\[0\],108.63
_1779_,108.36
net24,108.315
_0897_,108.21
net114,107.21
net125,107.135
_1169_,107.06
clknet_leaf_91_i_clk,107.025
decode.oc_mem_access,107.02
_1971_,106.99
_1695_,105.985
_0610_,105.95
clknet_leaf_68_i_clk,105.865
_1613_,105.715
_1610_,105.035
execute.sreg_irq_pc.o_d\[10\],104.67
_1924_,104.665
_1589_,104.61
_0509_,104.595
execute.rf.reg_outputs\[2\]\[1\],104.51
clknet_leaf_47_i_clk,104.465
_1747_,104.085
decode.oc_mem_we,103.52
_2764_,103.46
_1870_,103.135
_0915_,102.905
clknet_leaf_69_i_clk,102.81
_1634_,102.77
_3611_,102.58
_3511_,102.39
_2559_,102.245
_3101_,102.06
_1338_,101.505
net27,101.14
_2530_,101.09
net29,101.04
_2669_,100.46
_3683_,100.395
clknet_leaf_24_i_clk,100.315
net201,100.275
_3165_,100.195
net175,100.04
execute.sreg_irq_pc.o_d\[11\],99.935
_1822_,99.805
_2875_,99.745
clknet_leaf_5_i_clk,99.74
execute.rf.reg_outputs\[4\]\[14\],99.545
clknet_leaf_87_i_clk,99.46
_1538_,99.395
execute.rf.reg_outputs\[2\]\[14\],99.13
net74,99.055
execute.alu_flag_reg.o_d\[2\],98.86
_1625_,98.745
execute.pc_high_buff_out\[1\],98.71
execute.rf.reg_outputs\[4\]\[13\],98.675
_0737_,98.585
_3692_,98.28
net26,98.025
_0153_,97.985
_3084_,97.605
execute.o_submit,97.605
net30,97.46
execute.rf.reg_outputs\[4\]\[12\],97.225
clknet_leaf_56_i_clk,97.225
_1199_,97.12
_1038_,96.9
_2420_,96.65
_0503_,96.255
_3045_,96.145
clknet_leaf_85_i_clk,96.09
net150,96.045
_1375_,96.01
execute.rf.reg_outputs\[3\]\[11\],95.95
_1354_,95.93
execute.rf.reg_outputs\[6\]\[0\],95.835
_3305_,95.77
clknet_leaf_45_i_clk,95.755
_3577_,95.73
_0751_,95.565
net71,95.38
net164,95.31
_1302_,95.095
_1416_,95.05
_1889_,95.01
execute.pc_high_out\[7\],94.97
_0505_,94.95
_2576_,94.76
net149,94.54
_1619_,94.48
_0911_,94.305
_0899_,94.23
execute.rf.reg_outputs\[2\]\[9\],93.88
decode.oc_alu_mode\[7\],93.86
execute.alu_flag_reg.o_d\[3\],93.345
_3063_,93.32
_2750_,93.22
execute.pc_high_out\[4\],93
_0704_,92.82
_1122_,92.815
_1599_,92.755
net113,92.53
execute.rf.reg_outputs\[6\]\[10\],92.515
_2541_,92.32
clknet_leaf_31_i_clk,92.31
_3051_,92.155
_0701_,91.98
_0796_,91.93
clknet_leaf_57_i_clk,91.885
_3757_,91.755
_1847_,91.675
_0835_,91.64
clknet_leaf_70_i_clk,91.56
_1370_,91.25
_0843_,91.015
_1874_,90.855
_0913_,90.765
clknet_leaf_18_i_clk,90.625
_0832_,90.37
execute.rf.reg_outputs\[2\]\[5\],90.175
_1990_,90.105
net202,89.995
_1036_,89.91
execute.pc_high_out\[5\],89.89
_1128_,89.735
_1368_,89.63
clknet_leaf_62_i_clk,89.215
execute.rf.reg_outputs\[3\]\[1\],89.155
net155,89.055
_0506_,88.525
_2029_,88.5
execute.rf.reg_outputs\[5\]\[1\],88.27
_3718_,88.195
_2925_,88.065
_3043_,87.705
_2695_,87.62
execute.rf.reg_outputs\[1\]\[10\],87.555
_1923_,87.345
_0901_,87.17
_3606_,87.135
clknet_leaf_29_i_clk,86.875
execute.pc_high_out\[6\],86.855
_2436_,86.695
_3645_,86.44
_3075_,86.2
clknet_leaf_84_i_clk,86.165
execute.alu_mul_div.comp,85.91
_1707_,85.875
net196,85.735
_3128_,85.655
net204,85.635
_2598_,85.595
execute.o_data\[8\],85.58
_1527_,85.52
_0709_,85.455
net147,85.435
execute.rf.reg_outputs\[1\]\[1\],85.25
decode.oc_l_reg_sel\[0\],85.22
_0687_,85.035
execute.pc_high_out\[1\],84.93
_3713_,84.775
execute.alu_mul_div.div_cur\[0\],84.7
_0790_,84.62
clknet_leaf_66_i_clk,84.415
_0508_,84.365
execute.rf.reg_outputs\[1\]\[9\],84.24
_1922_,84.22
_2417_,84.08
fetch.prev_request_pc\[0\],83.945
execute.rf.reg_outputs\[7\]\[4\],83.76
execute.rf.reg_outputs\[1\]\[8\],83.73
execute.sreg_irq_pc.o_d\[12\],83.73
_1486_,83.52
_1386_,83.395
decode.oc_sys,83.215
clknet_leaf_25_i_clk,82.475
execute.o_data\[5\],82.395
execute.rf.reg_outputs\[2\]\[3\],82.31
_1565_,82.3
_2962_,82.15
execute.rf.reg_outputs\[1\]\[13\],82.13
net40,82.025
_0712_,81.885
_3576_,81.875
_1478_,81.775
_0507_,81.66
net199,81.46
clknet_leaf_90_i_clk,81.41
_0777_,81.21
clknet_leaf_15_i_clk,81.205
fetch.prev_request_pc\[11\],80.93
_0797_,80.465
execute.alu_mul_div.cbit\[0\],80.11
_0871_,79.815
net70,79.655
_3108_,79.62
_0903_,79.515
decode.oc_sreg_load,79.33
net105,79.26
_0862_,79.225
execute.rf.reg_outputs\[6\]\[15\],79.09
net203,79.04
clknet_leaf_42_i_clk,78.975
execute.o_data\[11\],78.935
clknet_leaf_86_i_clk,78.875
_0728_,78.835
execute.rf.reg_outputs\[6\]\[14\],78.77
fetch.prev_request_pc\[1\],78.715
clknet_leaf_33_i_clk,78.435
_1789_,78.42
execute.rf.reg_outputs\[2\]\[13\],78.415
clknet_leaf_88_i_clk,78.4
_1534_,78.165
_1942_,77.695
net115,77.51
_1638_,77.42
_0814_,77.09
_2298_,77.08
execute.rf.reg_outputs\[1\]\[14\],76.78
_2838_,76.66
execute.rf.reg_outputs\[1\]\[15\],76.655
_3663_,76.625
_2540_,76.385
fetch.pc_reset_override,75.98
_1866_,75.73
execute.rf.reg_outputs\[7\]\[3\],75.695
_1775_,75.46
_1352_,75.275
clknet_leaf_0_i_clk,75.19
clknet_leaf_12_i_clk,74.885
net73,74.8
_2973_,74.7
_1525_,74.485
_2945_,74.3
net39,74.27
_0619_,73.705
_3245_,73.56
_1864_,73.425
_3604_,73.275
_1642_,73.085
_2840_,73.08
_2257_,72.85
_0905_,72.66
_1132_,72.535
_2011_,72.535
_2455_,72.31
_0141_,72.15
_2872_,72.135
decode.i_jmp_pred_pass,72.035
execute.o_data\[2\],72.035
_1930_,71.7
_1892_,71.66
clknet_leaf_49_i_clk,71.56
net152,71.48
net161,71.375
net205,71.195
_1590_,71.11
_1029_,70.985
_1413_,70.74
fetch.prev_request_pc\[8\],70.675
execute.pc_high_out\[3\],70.65
execute.o_mem_width,70.48
_3144_,70.455
_1459_,70.45
clknet_leaf_76_i_clk,70.435
net151,70.395
execute.sreg_irq_pc.o_d\[13\],70.355
_2080_,70.32
_0695_,70.295
net154,70.235
_3761_,69.995
_1418_,69.88
clknet_leaf_14_i_clk,69.75
_3660_,69.655
_3607_,69.5
execute.o_mem_addr_high\[0\],69.44
net153,69.435
_2310_,69.42
_0980_,69.38
clknet_leaf_53_i_clk,69.285
execute.o_data\[0\],69.175
_3210_,68.895
decode.oc_sreg_irt,68.665
net156,68.59
_2572_,68.54
clknet_leaf_8_i_clk,68.455
execute.pc_high_buff_out\[4\],68.43
_3137_,68.355
net215,68.315
clknet_leaf_65_i_clk,68.245
net97,68.055
clknet_leaf_36_i_clk,67.96
clknet_leaf_75_i_clk,67.865
clknet_leaf_50_i_clk,67.855
clknet_leaf_7_i_clk,67.835
_1687_,67.685
_1011_,67.595
clknet_leaf_20_i_clk,67.585
clknet_leaf_27_i_clk,67.475
decode.oc_pc_inc,67.41
net61,67.35
execute.sreg_irq_pc.o_d\[14\],67.33
net208,67.31
_0735_,67.265
_0741_,67.25
_3636_,67.24
_1652_,67.215
_3545_,67.14
_3153_,67.095
net69,67.075
_3743_,67.02
_2851_,66.92
_0799_,66.88
_2578_,66.82
_1346_,66.77
_2422_,66.74
_3613_,66.655
execute.o_data\[15\],66.52
execute.rf.reg_outputs\[6\]\[13\],66.275
clknet_leaf_34_i_clk,66.26
_2112_,66.19
clknet_leaf_55_i_clk,66.15
_2744_,66.06
clknet_leaf_54_i_clk,66.055
_1366_,65.995
execute.pc_high_buff_out\[7\],65.855
clknet_leaf_46_i_clk,65.685
_0830_,65.61
_3203_,65.51
decode.oc_alu_mode\[13\],65.43
fetch.prev_request_pc\[12\],65.43
_2839_,65.42
_1826_,65.285
_3704_,65.275
_2020_,65.255
_1303_,65.235
_3656_,64.965
execute.irq_en,64.96
_2292_,64.65
clknet_leaf_23_i_clk,64.595
_2487_,64.59
_2798_,64.015
_2184_,63.98
execute.o_data\[13\],63.895
_2580_,63.68
_1854_,63.575
_1519_,63.405
fetch.prev_request_pc\[9\],63.405
_2917_,63.32
_2592_,63.195
_3077_,63.135
_2057_,62.77
execute.rf.reg_outputs\[1\]\[11\],62.59
_3297_,62.42
clknet_leaf_3_i_clk,62.295
_3365_,62.285
_1336_,62.245
execute.rf.reg_outputs\[6\]\[12\],62.245
net174,62.215
_1464_,62.08
_3184_,61.99
_0140_,61.82
clknet_leaf_32_i_clk,61.71
net177,61.55
_0877_,61.515
execute.pc_high_buff_out\[2\],61.395
net207,61.3
clknet_leaf_22_i_clk,61.035
_2072_,60.935
_3254_,60.855
_2560_,60.775
clknet_leaf_43_i_clk,60.575
_2201_,60.415
_2757_,60.355
clknet_leaf_78_i_clk,60.275
_2475_,60.09
_1000_,59.955
net65,59.88
_1855_,59.835
_1935_,59.695
_1026_,59.66
_3194_,59.66
net106,59.58
decode.i_instr_l\[4\],59.46
clknet_leaf_77_i_clk,59.455
_1024_,59.44
_3234_,59.3
_1372_,59.295
clknet_leaf_41_i_clk,59.25
clknet_leaf_63_i_clk,59.11
_3106_,59.075
_2862_,58.915
net110,58.74
net108,58.735
clknet_leaf_60_i_clk,58.525
_2297_,58.32
_0502_,58.315
_1504_,58.27
execute.pc_high_buff_out\[5\],58.255
clknet_leaf_26_i_clk,58.235
_1455_,58.22
net116,58.01
fetch.prev_request_pc\[13\],57.93
net185,57.84
_2543_,57.81
net172,57.635
_3542_,57.57
_2227_,57.51
_2385_,57.495
_2893_,57.41
_3099_,57.26
execute.sreg_priv_control.o_d\[0\],57.24
_2035_,57.165
clknet_leaf_30_i_clk,57.125
_1683_,57.03
_2708_,56.91
clknet_leaf_93_i_clk,56.775
net248,56.76
net157,56.535
_0638_,56.46
_2588_,56.45
_1166_,56.41
_0826_,56.14
_2921_,56.13
_1114_,56.12
execute.rf.reg_outputs\[7\]\[1\],56
execute.rf.reg_outputs\[1\]\[12\],55.88
net216,55.815
clknet_leaf_82_i_clk,55.77
fetch.prev_request_pc\[10\],55.665
_3753_,55.64
_2179_,55.575
clknet_leaf_72_i_clk,55.48
_2482_,55.28
net178,55.275
_3731_,55.23
_0679_,55.17
_0999_,55.095
execute.o_data\[7\],55.05
_2477_,55.01
clknet_leaf_6_i_clk,54.97
_2988_,54.815
_2032_,54.765
_1309_,54.75
_2342_,54.67
_2698_,54.66
_2372_,54.6
net180,54.56
_2881_,54.455
execute.rf.reg_outputs\[2\]\[0\],54.33
_1523_,54.2
clknet_leaf_28_i_clk,54.145
_3224_,54.13
_0623_,53.94
_3741_,53.88
execute.pc_high_out\[2\],53.81
clknet_leaf_39_i_clk,53.675
_2645_,53.66
net63,53.59
_3774_,53.555
_1710_,53.55
decode.i_instr_l\[9\],53.47
_0944_,53.34
clknet_leaf_58_i_clk,53.32
_0878_,53.305
net111,53.22
execute.pc_high_buff_out\[6\],53.18
_1514_,53.075
_1226_,52.94
_0732_,52.9
net109,52.82
execute.rf.reg_outputs\[6\]\[11\],52.755
clknet_leaf_9_i_clk,52.64
_2928_,52.54
_0836_,52.395
_0865_,52.26
_1897_,52.26
_2309_,52.08
_0736_,52.01
_2948_,51.93
_3583_,51.86
_2329_,51.76
net82,51.7
_3629_,51.675
_2119_,51.405
_3608_,51.14
clknet_leaf_52_i_clk,51.085
_3648_,50.995
_2994_,50.9
_3083_,50.78
_2174_,50.69
clknet_leaf_73_i_clk,50.54
_0857_,50.535
_1344_,50.49
_2730_,50.415
_2465_,50.41
_2060_,50.295
clknet_leaf_92_i_clk,50.28
_0768_,50.18
net182,50.16
execute.o_data\[10\],50.15
clknet_leaf_13_i_clk,50.15
_2205_,50.12
_2206_,50.08
clknet_leaf_38_i_clk,50.05
_3721_,50.04
net209,50.02
_2937_,49.96
_1939_,49.955
_3633_,49.94
_3669_,49.935
_3217_,49.78
_2685_,49.725
net68,49.61
_2863_,49.52
_1661_,49.44
_2486_,49.32
_2777_,49.275
_2067_,49.22
clknet_leaf_17_i_clk,49.15
_1586_,49
_1557_,48.99
_1981_,48.955
execute.o_data\[12\],48.835
clknet_leaf_40_i_clk,48.77
clknet_leaf_44_i_clk,48.745
net77,48.74
_2155_,48.675
_2923_,48.615
_0813_,48.47
_0142_,48.465
_3769_,48.28
clknet_leaf_51_i_clk,48.235
_0860_,48.215
net206,48.095
clknet_leaf_21_i_clk,48.065
net176,47.995
net183,47.955
_1700_,47.93
_1888_,47.82
net78,47.78
_2014_,47.705
_2370_,47.57
_2457_,47.395
_2758_,47.28
_1554_,47.18
_2806_,47.09
_0785_,46.95
_3236_,46.9
_3209_,46.78
execute.o_data\[14\],46.75
_3286_,46.72
clknet_leaf_37_i_clk,46.595
_1676_,46.56
_0848_,46.49
_2846_,46.42
_1715_,46.335
net181,46.275
_2337_,46.24
_3290_,46.195
net173,46.18
_2548_,46.115
_2284_,46.08
_1943_,46.025
clknet_leaf_16_i_clk,45.9
_2944_,45.895
_1536_,45.865
_2253_,45.72
_2904_,45.72
_3619_,45.62
_0937_,45.5
_3699_,45.48
net57,45.335
_1597_,45.275
_1378_,45.25
_1587_,44.985
_1411_,44.915
_2790_,44.9
_0853_,44.86
_2033_,44.805
_0933_,44.68
_2865_,44.635
clknet_leaf_4_i_clk,44.635
fetch.prev_request_pc\[3\],44.62
_2794_,44.6
_2426_,44.56
_0874_,44.555
execute.rf.reg_outputs\[7\]\[0\],44.55
_2978_,44.53
_2720_,44.46
_3729_,44.455
fetch.prev_request_pc\[7\],44.415
clknet_leaf_2_i_clk,44.305
_1980_,44.285
_2062_,44.255
net193,44.255
_3738_,44.105
clknet_leaf_35_i_clk,44.09
clknet_leaf_83_i_clk,44.03
decode.oc_l_reg_sel\[1\],44.015
_2266_,43.99
_1902_,43.9
_2895_,43.86
decode.i_instr_l\[5\],43.78
_1689_,43.765
clknet_leaf_71_i_clk,43.755
net64,43.68
_2129_,43.67
_0734_,43.62
_1714_,43.51
execute.alu_mul_div.cbit\[1\],43.475
net66,43.4
_1518_,43.335
_2793_,43.3
_3158_,43.26
_3672_,43
_2069_,42.9
_3578_,42.88
_2488_,42.8
_0626_,42.765
_3716_,42.605
_2492_,42.6
_2556_,42.395
_3593_,42.38
_2476_,42.375
_2797_,42.315
_2434_,42.305
_2507_,42.265
_2050_,42.24
_2778_,42.175
_1699_,42.12
_3651_,42.015
_1365_,41.915
_3806_,41.835
_1409_,41.785
_1623_,41.785
_2343_,41.685
_0419_,41.665
_1862_,41.5
_3591_,41.495
execute.prev_sys,41.325
_2812_,41.24
net79,41.16
decode.oc_rf_ie\[5\],41.125
fetch.prev_request_pc\[2\],41.115
_2960_,41.11
net60,41.095
_3691_,41.08
_2451_,40.99
_3178_,40.97
_1746_,40.95
_2368_,40.915
_2139_,40.89
_2642_,40.86
_2371_,40.805
net194,40.62
_2258_,40.42
_3598_,40.38
_3771_,40.37
_1499_,40.35
_2605_,40.32
_0820_,40.135
fetch.prev_request_pc\[14\],40.015
_2200_,40.01
_2499_,40.01
net171,39.96
_3202_,39.94
_2357_,39.9
_0420_,39.84
net81,39.835
net148,39.82
fetch.prev_request_pc\[4\],39.76
_2221_,39.695
_2316_,39.6
_2162_,39.56
_2979_,39.54
net210,39.495
net56,39.475
net167,39.47
_2861_,39.4
_1659_,39.28
_2120_,39.245
_1568_,39.21
_2804_,39.2
_1112_,39.19
net62,38.94
_1400_,38.79
net107,38.78
_2956_,38.7
_3243_,38.615
_3033_,38.575
decode.oc_rf_ie\[4\],38.505
_2030_,38.21
clknet_leaf_89_i_clk,38.18
_1704_,38.16
decode.oc_jump_cond_code\[4\],37.93
clknet_leaf_61_i_clk,37.905
_0803_,37.66
net184,37.49
_2857_,37.46
_3678_,37.455
_1711_,37.335
_2664_,37.18
_0929_,37.175
_3751_,37.075
_2228_,36.98
clknet_leaf_64_i_clk,36.895
_2747_,36.745
_2479_,36.735
_3116_,36.64
_2019_,36.63
_2769_,36.56
_1118_,36.48
_0254_,36.46
_1373_,36.27
_2853_,36.235
_1071_,36.225
_0816_,36.17
_2657_,36.15
_2481_,36.105
_3782_,36.06
_2156_,36.01
_2340_,35.86
_1004_,35.68
_0120_,35.645
_1692_,35.64
_2351_,35.635
fetch.pc_flush_override,35.45
_1770_,35.38
_2311_,35.35
fetch.prev_request_pc\[15\],35.23
_2012_,35.215
_3739_,35.18
i_req_data[23],35.17
_0945_,35.16
_0597_,35.15
_3164_,35.115
_3693_,35.11
net80,35.1
_1082_,35.055
_2241_,35.035
decode.oc_rf_ie\[6\],34.935
clknet_leaf_10_i_clk,34.845
decode.i_instr_l\[1\],34.77
_1948_,34.735
_2008_,34.72
_3195_,34.695
_1465_,34.595
_1895_,34.555
_3012_,34.555
net54,34.395
_0014_,34.385
_1496_,34.275
_2408_,34.27
_2503_,34.165
_2236_,34.055
net165,33.925
clknet_leaf_79_i_clk,33.815
_1113_,33.755
fetch.prev_request_pc\[6\],33.73
_1678_,33.6
_3149_,33.575
_2150_,33.545
_1797_,33.42
_2278_,33.395
_0637_,33.36
i_mem_data[3],33.31
net166,33.22
_2964_,33.215
net214,33.2
_1960_,33.18
_2493_,33.05
_2547_,33.01
_1903_,32.92
_1702_,32.88
_1994_,32.88
_1643_,32.82
_1987_,32.82
_2010_,32.82
execute.sreg_priv_control.o_d\[7\],32.735
_2480_,32.725
_0917_,32.635
_2377_,32.595
decode.i_instr_l\[2\],32.555
_2585_,32.54
_1667_,32.375
_1124_,32.35
_2130_,32.33
_1053_,32.325
_2362_,32.32
_2496_,32.255
_2303_,32.24
_1405_,32.225
_3090_,32.125
_0941_,32.05
_2220_,32.035
net213,32.035
_2415_,31.695
_0640_,31.66
_1905_,31.655
_2009_,31.53
_1488_,31.495
execute.sreg_jtr_buff.o_d\[0\],31.345
_1570_,31.29
_3668_,31.275
i_mem_data[10],31.145
_2454_,31.135
_1885_,31.12
_2237_,31.075
_1415_,31.05
_2490_,30.99
_1999_,30.98
_0005_,30.925
i_mem_data[4],30.905
_0867_,30.88
_2313_,30.795
_1639_,30.715
_1917_,30.675
_2843_,30.675
net58,30.665
_1703_,30.655
_3159_,30.655
_2803_,30.63
_1162_,30.59
_1952_,30.58
_2502_,30.425
_1111_,30.42
_2049_,30.295
net67,30.275
_3588_,30.145
_1654_,30.12
_2647_,30.035
_2648_,30.035
_2302_,30.015
_2831_,29.915
_3603_,29.915
_3792_,29.88
_1645_,29.87
_2396_,29.815
_2081_,29.725
fetch.prev_request_pc\[5\],29.68
_1075_,29.535
_2365_,29.535
_1115_,29.495
_3064_,29.47
_1482_,29.415
_2061_,29.4
execute.alu_mul_div.i_mod,29.39
_1569_,29.37
_2880_,29.28
_2248_,29.125
_2963_,29.055
_1900_,29.035
_2128_,29.035
_2147_,29.035
_3616_,29
_1985_,28.96
_1576_,28.775
_2570_,28.755
i_req_data[1],28.745
_1003_,28.735
_2955_,28.72
_1666_,28.69
_2127_,28.625
_1088_,28.595
clknet_leaf_11_i_clk,28.56
_1474_,28.55
_1422_,28.54
execute.pc_high_buff_out\[3\],28.535
i_mem_data[8],28.405
_2189_,28.395
_3085_,28.39
_2159_,28.295
_3765_,28.285
_2031_,28.28
_1911_,28.26
_2721_,28.255
_2331_,28.25
_2761_,28.235
_2508_,28.225
_2713_,28.155
_3715_,28.155
_1912_,28.115
_3700_,28.115
_2686_,28.06
_3780_,28.02
_2034_,28.015
_2756_,27.975
_3665_,27.92
net170,27.89
net50,27.775
decode.oc_rf_ie\[7\],27.695
_0697_,27.675
_3177_,27.645
net83,27.635
net118,27.62
decode.oc_r_reg_sel\[0\],27.55
_3682_,27.48
_2834_,27.44
_2348_,27.435
_1938_,27.415
_3650_,27.4
_3632_,27.315
net37,27.295
_1691_,27.28
_2594_,27.265
_3298_,27.195
decode.oc_used_operands\[0\],27.195
net59,27.19
_1013_,27.16
_2412_,27.15
net55,27.15
_3265_,27.14
_3644_,27.135
_2240_,27.11
_1663_,27.095
_1675_,27.055
_2577_,27.05
_1581_,26.945
_2345_,26.94
i_req_data[29],26.905
_2613_,26.9
i_mem_data[9],26.895
_3764_,26.85
_3006_,26.775
_1606_,26.74
_2595_,26.72
_2736_,26.635
_3299_,26.635
i_mem_data[6],26.605
_0156_,26.56
decode.i_instr_l\[6\],26.555
_0692_,26.515
_3617_,26.515
_0714_,26.51
_2294_,26.51
_2780_,26.49
_2267_,26.46
_3733_,26.395
clknet_leaf_59_i_clk,26.395
_1975_,26.375
_2579_,26.335
_2185_,26.33
_2610_,26.33
execute.sreg_irq_flags.o_d\[2\],26.325
_2497_,26.28
_3687_,26.22
i_mem_data[5],26.21
_1906_,26.2
_2768_,26.195
_1513_,26.14
_2275_,26.055
_1929_,26.025
_0810_,26.015
_2571_,26
_2743_,25.975
_2167_,25.955
_2374_,25.94
_2387_,25.88
_1448_,25.855
_3677_,25.855
_0535_,25.835
_2742_,25.82
_0614_,25.75
_2381_,25.75
_2289_,25.715
decode.i_instr_l\[3\],25.715
net163,25.71
_2006_,25.675
_0800_,25.66
_1787_,25.62
_3003_,25.595
_3740_,25.52
_2157_,25.495
_3717_,25.46
i_mem_data[2],25.455
_0674_,25.41
_2830_,25.395
execute.sreg_irq_flags.o_d\[3\],25.36
_1064_,25.31
_2229_,25.31
_2141_,25.3
i_mem_data[0],25.245
_2024_,25.235
_3227_,25.21
_1573_,25.135
i_mem_exception,25.13
i_core_int_sreg[14],25.105
_2180_,25.055
_0829_,24.99
_1614_,24.975
execute.prev_pc_high\[4\],24.955
_2466_,24.935
_2940_,24.895
_3133_,24.84
_2123_,24.815
_0560_,24.775
_3109_,24.775
i_mem_data[1],24.745
_1396_,24.73
_2958_,24.715
_1908_,24.695
_2435_,24.675
i_req_data[24],24.645
_2190_,24.635
_0863_,24.62
_1598_,24.595
_1813_,24.595
_3587_,24.58
_2145_,24.56
_2452_,24.555
_0522_,24.55
i_mem_data[11],24.465
_2590_,24.455
_0854_,24.4
_2397_,24.38
_2892_,24.38
_2855_,24.345
execute.sreg_scratch.o_d\[1\],24.34
_1972_,24.335
_2113_,24.275
_1537_,24.26
_1708_,24.13
_2555_,24.105
_2040_,24.04
execute.sreg_scratch.o_d\[6\],24.02
net168,24.015
i_core_int_sreg[15],23.99
_3642_,23.96
_2612_,23.85
_1099_,23.84
_2361_,23.84
_3612_,23.715
_0879_,23.68
_2169_,23.63
_0993_,23.6
_2183_,23.595
_1946_,23.575
_2076_,23.575
decode.oc_r_reg_sel\[1\],23.545
_2083_,23.535
_2192_,23.495
_3205_,23.465
i_req_data[30],23.465
_2873_,23.42
_2531_,23.41
clknet_leaf_80_i_clk,23.39
_3649_,23.34
clknet_leaf_67_i_clk,23.295
_3160_,23.215
_1450_,23.2
_2213_,23.18
_2274_,23.15
_0543_,23.135
_2622_,23.135
_2663_,23.135
_2707_,23.115
_2936_,23.11
_2207_,23.095
_0849_,23.07
_3231_,23.07
_1884_,23.06
_3722_,23.04
_1995_,23.035
_2430_,23.01
execute.o_mem_access,22.96
_2745_,22.955
_2173_,22.92
_1672_,22.895
_0864_,22.86
_1267_,22.86
_3688_,22.835
i_rst,22.83
_0976_,22.815
_2047_,22.815
_2318_,22.795
_1835_,22.76
_3279_,22.76
_2714_,22.755
_1768_,22.74
_2106_,22.74
_2107_,22.705
_1388_,22.69
_1123_,22.595
_2242_,22.55
execute.sreg_priv_control.o_d\[12\],22.515
_2697_,22.5
_2095_,22.47
_2905_,22.4
_3621_,22.345
_1149_,22.34
_1954_,22.335
_3705_,22.335
_0842_,22.33
_2551_,22.295
i_req_data[28],22.245
i_req_data[9],22.245
_3730_,22.155
_0936_,22.115
_2325_,22.115
_1120_,22.08
_1982_,22.045
_0694_,22.035
_2097_,22.015
_2263_,22
_3627_,22
_3185_,21.995
_1506_,21.97
_1208_,21.915
_1802_,21.875
_2439_,21.845
_2723_,21.845
_2176_,21.84
_2085_,21.78
_0831_,21.755
_2446_,21.715
_2252_,21.68
dbg_out[35],21.68
execute.sreg_scratch.o_d\[2\],21.635
_3262_,21.63
_2717_,21.51
_2949_,21.46
_2709_,21.445
_2051_,21.43
_2653_,21.38
_3638_,21.34
_2153_,21.32
_2000_,21.275
execute.sreg_jtr_buff.o_d\[1\],21.275
decode.i_imm_pass\[0\],21.25
_2087_,21.215
_0585_,21.195
net212,21.195
_2468_,21.15
_2261_,21.09
_1544_,20.995
_1640_,20.995
_3697_,20.995
_1976_,20.96
_2599_,20.915
_2280_,20.91
_0552_,20.875
_1595_,20.875
_1669_,20.85
_2404_,20.835
_1756_,20.795
_2563_,20.765
decode.oc_sreg_store,20.755
_1316_,20.74
_1965_,20.735
_1674_,20.675
i_mem_data[15],20.66
_2341_,20.65
_2706_,20.62
_2574_,20.61
_1934_,20.585
_3219_,20.585
_3004_,20.58
_2500_,20.575
_2133_,20.565
_2175_,20.535
_2569_,20.525
_2470_,20.52
_2334_,20.515
_1740_,20.51
_3215_,20.475
_2037_,20.455
_3622_,20.355
decode.input_valid,20.35
_2321_,20.325
net158,20.295
i_mem_data[14],20.28
_2121_,20.26
_0947_,20.22
_0742_,20.2
_2549_,20.2
_1665_,20.14
_3791_,20.09
_1918_,20.075
_1462_,19.995
_3742_,19.955
_2513_,19.945
_2018_,19.92
_0815_,19.87
i_req_data[21],19.87
_2658_,19.86
_2046_,19.85
_2376_,19.84
_1937_,19.795
_2639_,19.735
_1677_,19.73
_0783_,19.7
execute.prev_pc_high\[2\],19.7
_3706_,19.67
_0600_,19.64
_2568_,19.625
net53,19.615
_2158_,19.57
_3674_,19.54
_2818_,19.535
_1501_,19.51
_2383_,19.49
_1991_,19.485
_3671_,19.475
_2711_,19.435
_2607_,19.43
_2567_,19.37
_3221_,19.335
_2088_,19.28
_1511_,19.275
_1050_,19.245
_2472_,19.21
decode.oc_r_reg_sel\[2\],19.175
_3703_,19.155
_2414_,19.11
_2244_,19.025
_2597_,19.025
_1875_,19.015
_0959_,18.995
net159,18.99
_3036_,18.98
_1467_,18.95
_1183_,18.87
i_mem_data[7],18.865
_1567_,18.85
_1397_,18.81
_3056_,18.79
_1171_,18.78
_3220_,18.775
_1945_,18.755
i_req_data[3],18.755
i_mem_data[12],18.745
i_mem_data[13],18.745
_2763_,18.74
_2134_,18.735
_3225_,18.73
i_req_data[20],18.705
_1635_,18.695
_2277_,18.695
_3272_,18.695
_3584_,18.695
_1206_,18.655
_2704_,18.655
_1670_,18.64
_0749_,18.635
_1720_,18.62
_2522_,18.615
_2762_,18.615
_2293_,18.565
net117,18.54
_1636_,18.535
_2694_,18.535
_2545_,18.53
execute.o_addr\[0\],18.495
i_core_int_sreg[13],18.485
_2349_,18.475
_2059_,18.395
execute.sreg_irq_flags.i_d\[2\],18.395
_3601_,18.38
i_req_data[18],18.365
i_req_data[4],18.365
net36,18.355
_1060_,18.32
_2589_,18.275
_2972_,18.275
_0226_,18.235
_1713_,18.22
_2287_,18.2
_2887_,18.17
_2346_,18.155
_2101_,18.15
i_req_data_valid,18.145
_1681_,18.13
_2154_,18.13
_2443_,18.115
_2110_,18.095
_0992_,18.08
_2338_,18.035
i_req_data[19],18.03
decode.i_imm_pass\[3\],17.98
i_req_data[8],17.945
i_req_data[6],17.935
_1709_,17.875
_1967_,17.875
_2143_,17.855
_2064_,17.84
_3268_,17.83
_3248_,17.805
_3207_,17.785
_0698_,17.78
_3213_,17.775
_2484_,17.76
i_req_data[26],17.76
_2849_,17.745
_3123_,17.695
i_req_data[11],17.685
_3241_,17.68
_0997_,17.675
_1998_,17.63
_1679_,17.615
_3689_,17.605
_0183_,17.595
fetch.current_req_branch_pred,17.59
_0995_,17.58
_1452_,17.58
_1962_,17.565
_2393_,17.555
net25,17.54
_3188_,17.475
_3013_,17.435
_3658_,17.435
net211,17.435
_0573_,17.4
_0940_,17.395
_2661_,17.395
i_core_int_sreg[11],17.37
_2626_,17.36
_1988_,17.355
_0633_,17.34
_0007_,17.32
_1605_,17.295
_2013_,17.275
_3226_,17.275
_3066_,17.24
_1136_,17.235
_1154_,17.235
_2279_,17.235
_2874_,17.23
_0985_,17.195
decode.oc_rf_ie\[1\],17.195
_2390_,17.155
decode.o_jmp_pred_pass,17.06
_2611_,17.055
o_mem_data[11],17.01
_2444_,16.995
_2360_,16.955
_2550_,16.875
_1342_,16.855
_0982_,16.815
_2402_,16.815
o_req_addr[14],16.79
_2643_,16.775
_2829_,16.775
_2552_,16.745
_3196_,16.695
_2534_,16.655
decode.i_imm_pass\[4\],16.655
_2968_,16.64
_0582_,16.635
_2025_,16.635
_0774_,16.63
decode.oc_rf_ie\[3\],16.615
_2328_,16.605
_2631_,16.6
decode.i_imm_pass\[7\],16.6
decode.i_imm_pass\[15\],16.595
_3198_,16.585
_2335_,16.555
_2535_,16.55
_0247_,16.515
_2789_,16.515
_2246_,16.49
_2271_,16.475
_1655_,16.46
o_mem_addr[0],16.445
o_mem_req,16.445
_0850_,16.44
i_req_data[12],16.435
_2995_,16.42
_3257_,16.355
decode.oc_sreg_jal_over,16.355
_0012_,16.32
_0868_,16.315
_1363_,16.315
_1816_,16.315
_2741_,16.315
_3628_,16.315
_2288_,16.275
_1205_,16.26
_1117_,16.255
_2712_,16.25
_2489_,16.235
i_req_data[10],16.23
_1521_,16.22
_0925_,16.215
net34,16.2
_2425_,16.18
execute.prev_pc_high\[3\],16.175
_2300_,16.12
_2214_,16.11
_0645_,16.07
_2413_,16.06
_1964_,16.035
_1575_,16.03
_2469_,16.03
_2566_,16.03
_2675_,16.015
net52,16.01
i_mem_ack,15.985
_1048_,15.975
_3734_,15.975
_0748_,15.955
_2779_,15.955
_0872_,15.94
_2177_,15.935
_3175_,15.935
_3708_,15.9
_2170_,15.895
_0998_,15.85
_2212_,15.85
_0928_,15.775
i_req_data[17],15.765
_1031_,15.73
_2737_,15.73
_1618_,15.715
_2091_,15.715
_2089_,15.695
_2041_,15.68
i_req_data[31],15.645
_1894_,15.635
decode.oc_mem_width,15.635
execute.mem_stage_pc\[12\],15.605
_2520_,15.595
_2800_,15.595
_2447_,15.57
_1803_,15.525
_1553_,15.52
_0716_,15.48
_0731_,15.475
_0889_,15.475
_2304_,15.475
_2125_,15.45
_2738_,15.435
_3276_,15.43
_0798_,15.415
_2524_,15.4
_1158_,15.395
_2093_,15.39
_2268_,15.38
_2168_,15.355
_3238_,15.355
_3695_,15.34
_0953_,15.295
_2116_,15.28
_3639_,15.28
execute.mem_stage_pc\[10\],15.275
_2077_,15.26
_2199_,15.23
_2264_,15.215
_3255_,15.215
net33,15.215
execute.mem_stage_pc\[14\],15.19
_2389_,15.135
fetch.out_buffer_data_instr\[14\],15.135
_2440_,15.11
_0576_,15.075
_2987_,15.05
_2731_,15.015
_2974_,15.015
_1744_,14.995
_1602_,14.975
_2367_,14.915
_2459_,14.895
_2003_,14.885
_2471_,14.865
_1012_,14.84
_2160_,14.82
i_core_int_sreg[12],14.805
_2629_,14.8
_2217_,14.76
_3260_,14.755
_2336_,14.735
_2250_,14.73
_2646_,14.675
_2146_,14.635
_0620_,14.63
_2428_,14.615
_3168_,14.615
execute.sreg_irq_flags.o_d\[4\],14.615
_1881_,14.595
_3067_,14.595
_0991_,14.57
_1139_,14.555
_1279_,14.555
_3347_,14.54
_3028_,14.515
_3339_,14.51
_1956_,14.49
_2099_,14.475
_0306_,14.46
_2429_,14.435
execute.prev_pc_high\[1\],14.425
_2152_,14.395
_1108_,14.39
_2138_,14.39
_2245_,14.39
_3054_,14.365
_0605_,14.3
_2575_,14.235
_3724_,14.215
fetch.out_buffer_data_instr\[10\],14.215
execute.sreg_scratch.o_d\[12\],14.205
_2406_,14.195
_0801_,14.19
dbg_in[0],14.19
i_req_data[15],14.18
_0869_,14.175
_0932_,14.175
_2623_,14.175
_2021_,14.14
_2674_,14.14
_2232_,14.105
_2098_,14.095
_2553_,14.095
_2795_,14.095
_0990_,14.08
_2314_,14.08
decode.oc_rf_ie\[2\],14.075
_3777_,14.07
_0391_,14.055
dbg_r0[13],14
_0983_,13.935
_2715_,13.92
_3785_,13.92
_3259_,13.895
i_req_data[22],13.885
_0967_,13.88
_2375_,13.88
_2403_,13.855
_0369_,13.845
_2536_,13.835
i_req_data[5],13.835
_2265_,13.815
_0261_,13.805
_2222_,13.805
_3580_,13.8
o_mem_data[13],13.785
o_mem_data[8],13.785
_3836_,13.78
_3275_,13.75
execute.sreg_jtr_buff.o_d\[2\],13.75
fetch.out_buffer_data_instr\[16\],13.745
_2382_,13.735
_0823_,13.73
_3789_,13.715
_0516_,13.685
_1851_,13.68
_2002_,13.68
_3803_,13.68
_2478_,13.675
execute.sreg_scratch.o_d\[15\],13.675
_3088_,13.655
decode.i_imm_pass\[2\],13.655
_0708_,13.635
_1414_,13.615
_0825_,13.61
_2586_,13.6
_0955_,13.595
_0975_,13.595
_2273_,13.595
_1959_,13.59
_1791_,13.585
o_mem_data[9],13.57
_2036_,13.555
i_req_data[0],13.55
dbg_out[16],13.54
dbg_out[31],13.54
_0824_,13.515
_3032_,13.515
_1102_,13.51
_2432_,13.505
_1809_,13.465
_2255_,13.435
_2692_,13.355
o_mem_data[14],13.325
execute.sreg_scratch.o_d\[8\],13.295
net160,13.295
_2474_,13.26
_2322_,13.255
_2582_,13.255
_2703_,13.255
_3732_,13.255
execute.sreg_priv_control.o_d\[15\],13.23
_2369_,13.22
_3840_,13.22
_1996_,13.175
_2171_,13.175
_2619_,13.175
_3293_,13.16
_1712_,13.14
_0892_,13.1
_1020_,13.055
_2063_,13.055
_2191_,13.055
_2070_,13.01
_2799_,13.01
_3059_,13.01
_2124_,12.975
_3139_,12.935
execute.sreg_scratch.o_d\[0\],12.925
_1210_,12.915
execute.mem_stage_pc\[7\],12.915
execute.sreg_irq_flags.o_d\[1\],12.9
_1006_,12.85
_2068_,12.84
_1419_,12.835
_3030_,12.835
o_instr_long_addr[7],12.83
sr_bus_addr[2],12.83
sr_bus_addr[6],12.83
sr_bus_data_o[7],12.83
sr_bus_we,12.83
_1104_,12.815
execute.sreg_scratch.o_d\[3\],12.81
_1090_,12.795
_2740_,12.795
_3078_,12.77
i_req_data[27],12.76
_2458_,12.755
_2090_,12.735
_0943_,12.72
decode.oc_r_bus_imm,12.72
_1494_,12.715
_1961_,12.715
_0150_,12.705
_2126_,12.705
_1083_,12.695
_1224_,12.695
_2015_,12.695
_1958_,12.67
_2584_,12.67
_0312_,12.665
_1920_,12.64
_2355_,12.64
_0653_,12.62
dbg_out[0],12.62
_2437_,12.615
_2449_,12.595
i_req_data[16],12.59
_2039_,12.575
_3655_,12.575
fetch.out_buffer_data_instr\[23\],12.555
_2485_,12.54
_2498_,12.54
decode.oc_used_operands\[1\],12.54
_1984_,12.535
fetch.out_buffer_data_instr\[17\],12.525
o_mem_sel[1],12.525
_2330_,12.515
_3657_,12.5
_0673_,12.495
_2356_,12.48
_1493_,12.475
_2565_,12.455
_3112_,12.455
execute.sreg_irq_flags.o_d\[0\],12.435
_0873_,12.405
_3620_,12.395
_2767_,12.375
_2817_,12.355
_1440_,12.335
_2656_,12.335
_1771_,12.31
i_req_data[7],12.305
o_req_addr[11],12.305
_0125_,12.3
_2269_,12.255
_1969_,12.25
_2670_,12.235
_2108_,12.215
_3640_,12.195
_2785_,12.19
_1427_,12.16
_1010_,12.155
_3661_,12.155
o_req_addr[8],12.15
_2561_,12.135
_1693_,12.095
_2181_,12.075
_2023_,12.055
_2791_,12.035
fetch.submitable,12.035
_2620_,12.015
_2043_,11.99
_2410_,11.99
_1977_,11.955
_2424_,11.955
_2911_,11.955
_2600_,11.945
_0652_,11.94
_0624_,11.92
_2165_,11.915
_2532_,11.91
_3795_,11.88
fetch.out_buffer_data_instr\[11\],11.88
_2526_,11.875
_1192_,11.835
_2209_,11.835
_2299_,11.835
_2308_,11.835
_2326_,11.835
_2809_,11.835
fetch.out_buffer_data_instr\[24\],11.81
o_c_data_page,11.81
o_req_addr[15],11.81
_0229_,11.795
_1780_,11.795
_3206_,11.795
_2235_,11.78
_0283_,11.775
_2109_,11.75
i_disable,11.75
_0033_,11.74
dbg_r0[11],11.72
dbg_r0[2],11.72
_3076_,11.715
_3041_,11.695
_2197_,11.675
decode.i_imm_pass\[1\],11.67
_3735_,11.635
_2442_,11.63
_0268_,11.62
fetch.out_buffer_data_instr\[3\],11.61
_2231_,11.585
_2811_,11.575
_2295_,11.57
_3698_,11.55
execute.sreg_priv_control.o_d\[9\],11.535
execute.sreg_priv_control.o_d\[13\],11.52
_1997_,11.515
_1963_,11.495
_2603_,11.495
_2198_,11.49
_3172_,11.49
_2467_,11.485
o_instr_long_addr[4],11.47
sr_bus_addr[10],11.47
i_irq,11.46
_3029_,11.455
execute.mem_stage_pc\[11\],11.455
dbg_in[3],11.435
_2103_,11.43
fetch.out_buffer_data_instr\[6\],11.42
net38,11.415
_0008_,11.4
execute.sreg_priv_control.o_d\[4\],11.4
_0973_,11.395
_2801_,11.38
_2358_,11.375
_3359_,11.355
i_req_data[25],11.345
_1417_,11.34
_2652_,11.34
_0951_,11.335
_3048_,11.335
execute.mem_stage_pc\[1\],11.335
_1953_,11.33
_3680_,11.3
_3052_,11.295
_3124_,11.295
_0463_,11.285
_3000_,11.26
dbg_out[18],11.26
dbg_out[33],11.26
dbg_pc[7],11.26
_3096_,11.255
_3585_,11.255
_1463_,11.245
o_instr_long_addr[6],11.245
o_mem_addr[1],11.245
o_mem_addr_high[0],11.245
_1144_,11.24
_1788_,11.24
_2131_,11.21
_0452_,11.205
_1458_,11.2
_1240_,11.18
_2122_,11.18
_1584_,11.17
_1611_,11.17
_2581_,11.155
_1220_,11.12
_1249_,11.12
_1022_,11.115
_1392_,11.115
_1596_,11.115
_1475_,11.095
_2401_,11.095
_2004_,11.09
_0988_,11.075
_2825_,11.075
net169,11.075
_0253_,11.04
_0538_,11.035
_2065_,11.035
_2350_,11.035
_2075_,11.02
dbg_in[1],11.02
_2898_,11.015
_0718_,11
_1430_,10.995
_2196_,10.995
_2259_,10.995
_3634_,10.995
dbg_in[2],10.975
_2379_,10.96
_1974_,10.955
i_req_data[13],10.95
i_req_data[14],10.95
_1684_,10.935
_1947_,10.93
_2947_,10.92
_2461_,10.88
_2784_,10.88
_0013_,10.875
_0650_,10.875
_1434_,10.875
_2805_,10.875
_3126_,10.875
_1796_,10.86
fetch.out_buffer_data_instr\[22\],10.86
_0128_,10.855
_3229_,10.835
_1761_,10.805
dbg_out[3],10.8
dbg_pc[12],10.8
i_req_data[2],10.785
_0977_,10.78
dbg_out[34],10.76
_0634_,10.74
execute.sreg_priv_control.o_d\[5\],10.72
_2135_,10.715
_2504_,10.715
fetch.out_buffer_data_instr\[30\],10.715
_1696_,10.695
_0833_,10.655
_2871_,10.655
_3266_,10.655
_0393_,10.63
_0292_,10.62
_0972_,10.615
_2307_,10.615
_0376_,10.605
_1936_,10.595
_2332_,10.595
decode.i_imm_pass\[9\],10.595
i_core_int_sreg[1],10.59
_1601_,10.58
_2934_,10.58
_3707_,10.58
_3187_,10.575
_3346_,10.575
_3376_,10.555
_0250_,10.535
_0460_,10.535
_2431_,10.535
_3719_,10.535
execute.sreg_priv_control.o_d\[10\],10.535
net191,10.535
_3211_,10.51
_0211_,10.505
_1283_,10.495
_2506_,10.495
_1456_,10.47
_1970_,10.47
_2681_,10.46
_2775_,10.46
_2538_,10.455
fetch.out_buffer_data_instr\[15\],10.455
fetch.out_buffer_data_instr\[19\],10.455
sr_bus_data_o[12],10.45
decode.i_submit,10.435
_1705_,10.415
_2026_,10.415
_0244_,10.375
_2270_,10.375
_1382_,10.36
_1507_,10.36
dbg_out[20],10.34
dbg_out[22],10.34
dbg_out[8],10.34
_3115_,10.335
decode.i_imm_pass\[14\],10.335
_0971_,10.33
_3453_,10.32
_0266_,10.315
decode.i_imm_pass\[6\],10.315
_1572_,10.295
_2819_,10.295
_1758_,10.29
_1986_,10.29
o_c_instr_page,10.285
o_instr_long_addr[5],10.285
sr_bus_addr[8],10.285
sr_bus_data_o[1],10.285
sr_bus_data_o[5],10.285
_2519_,10.28
_0792_,10.275
execute.mem_stage_pc\[8\],10.26
_0719_,10.2
_2082_,10.195
_3246_,10.195
fetch.out_buffer_data_instr\[13\],10.18
_3244_,10.175
_2933_,10.17
_3193_,10.17
_2885_,10.155
fetch.out_buffer_data_instr\[5\],10.135
_0984_,10.13
_2546_,10.125
_2448_,10.115
_2781_,10.115
_3786_,10.115
o_instr_long_addr[2],10.11
sr_bus_addr[14],10.11
sr_bus_addr[4],10.11
sr_bus_addr[5],10.11
sr_bus_addr[9],10.11
sr_bus_data_o[11],10.11
decode.i_imm_pass\[11\],10.1
_1384_,10.095
_2671_,10.095
_2916_,10.095
_1910_,10.08
_2066_,10.075
_2353_,10.075
_0458_,10.04
fetch.out_buffer_data_instr\[7\],10.04
_0423_,10.035
_0447_,10.035
_0752_,10.035
_0759_,10.035
_1023_,10.035
_1289_,10.035
_2537_,10.035
_2583_,10.035
_3723_,10.035
fetch.out_buffer_data_instr\[1\],10.035
fetch.prev_req_branch_pred,10.035
_2230_,10.03
_0894_,10.015
o_mem_data[3],10.01
_2900_,10
_2411_,9.995
_0401_,9.965
_1632_,9.955
_2327_,9.955
_2423_,9.955
_3278_,9.955
o_req_addr[10],9.945
net51,9.915
i_core_int_sreg[6],9.91
_0043_,9.905
_2354_,9.9
_1195_,9.88
_3335_,9.88
dbg_out[14],9.88
dbg_r0[3],9.88
_0462_,9.855
_2028_,9.835
_2339_,9.83
_0723_,9.82
_2505_,9.815
decode.oc_rf_ie\[0\],9.775
_1933_,9.77
_1882_,9.74
_2045_,9.735
_2941_,9.735
_3129_,9.735
_2017_,9.73
fetch.out_buffer_data_instr\[12\],9.72
_2142_,9.71
_3132_,9.695
_3776_,9.695
decode.i_imm_pass\[13\],9.68
_1445_,9.655
_2224_,9.655
_2782_,9.655
execute.mem_stage_pc\[0\],9.655
_0989_,9.635
_3817_,9.615
net49,9.615
_1863_,9.61
o_mem_addr[2],9.605
o_mem_addr[3],9.605
o_mem_addr[4],9.605
o_mem_addr[5],9.605
o_mem_addr_high[6],9.605
o_mem_data[10],9.605
o_mem_data[12],9.605
o_mem_data[15],9.605
o_mem_sel[0],9.605
o_req_active,9.605
o_req_addr[0],9.605
o_req_addr[6],9.605
_1079_,9.595
_3756_,9.595
_0337_,9.585
_0026_,9.58
execute.mem_stage_pc\[15\],9.58
_1878_,9.575
_2366_,9.575
_2624_,9.575
_2836_,9.575
_2554_,9.57
_0534_,9.555
_3701_,9.555
o_instr_long_addr[3],9.545
o_mem_addr[10],9.545
o_req_addr[9],9.545
sr_bus_data_o[2],9.545
sr_bus_data_o[3],9.545
sr_bus_data_o[6],9.545
sr_bus_data_o[8],9.545
sr_bus_data_o[9],9.545
_2100_,9.535
_2195_,9.535
execute.mem_stage_pc\[3\],9.515
_1472_,9.495
_2832_,9.495
_3475_,9.49
_1503_,9.475
_1951_,9.475
_3147_,9.455
_3796_,9.455
fetch.out_buffer_data_instr\[2\],9.455
_1179_,9.45
_1931_,9.435
_2970_,9.435
_2187_,9.43
_0891_,9.42
_2854_,9.42
_3324_,9.42
dbg_out[13],9.42
dbg_pc[0],9.42
dbg_r0[8],9.42
fetch.out_buffer_data_instr\[29\],9.42
net186,9.42
_0461_,9.4
fetch.out_buffer_data_pred,9.395
o_mem_addr[6],9.39
o_mem_addr_high[1],9.39
o_mem_addr_high[2],9.39
o_mem_addr_high[3],9.39
o_mem_addr_high[4],9.39
o_mem_addr_high[5],9.39
o_mem_we,9.39
_3767_,9.375
_2453_,9.365
_1285_,9.36
_2305_,9.35
_1246_,9.34
fetch.out_buffer_data_instr\[4\],9.335
_3784_,9.325
_0432_,9.295
_2073_,9.295
_2223_,9.285
_1914_,9.275
_2272_,9.275
_2573_,9.275
_2324_,9.26
_0296_,9.24
_2996_,9.235
_2001_,9.215
_2378_,9.215
_2483_,9.215
sr_bus_addr[0],9.205
sr_bus_addr[15],9.205
_0817_,9.195
_0968_,9.195
_1466_,9.195
_3273_,9.195
_3296_,9.195
_3125_,9.175
_0239_,9.155
_1437_,9.155
_3081_,9.155
_3390_,9.155
_3832_,9.155
_2438_,9.14
_3358_,9.135
_2164_,9.12
_0938_,9.115
_2399_,9.115
_1668_,9.11
_1805_,9.095
_2140_,9.095
i_core_int_sreg[3],9.085
i_core_int_sreg[5],9.085
i_core_int_sreg[7],9.085
i_core_int_sreg[9],9.085
i_mc_core_int,9.085
_3798_,9.08
_0449_,9.035
_0592_,9.035
_2102_,9.035
_3710_,9.035
_1520_,9.025
_1457_,9.015
_3235_,8.995
decode.i_imm_pass\[10\],8.995
_2521_,8.99
_3728_,8.985
decode.i_imm_pass\[12\],8.985
_1426_,8.98
_2251_,8.975
_3827_,8.96
dbg_out[15],8.96
dbg_out[17],8.96
dbg_out[29],8.96
dbg_out[30],8.96
dbg_out[32],8.96
dbg_out[5],8.96
dbg_out[6],8.96
dbg_out[7],8.96
dbg_pc[4],8.96
_1390_,8.955
_0126_,8.94
_2086_,8.935
_2132_,8.935
_0570_,8.915
_3218_,8.915
_1093_,8.9
_2363_,8.9
_3005_,8.895
_3388_,8.875
execute.mem_stage_pc\[2\],8.875
_2283_,8.85
_1811_,8.825
_0577_,8.815
_3647_,8.815
_3685_,8.815
_1721_,8.8
fetch.out_buffer_data_instr\[26\],8.8
_1844_,8.795
_1292_,8.775
_1324_,8.775
_1765_,8.76
_1184_,8.755
o_req_addr[13],8.75
i_core_int_sreg[0],8.745
i_core_int_sreg[10],8.745
i_core_int_sreg[2],8.745
i_core_int_sreg[4],8.745
i_core_int_sreg[8],8.745
net253,8.745
_0616_,8.735
_1722_,8.735
_2239_,8.735
_0230_,8.7
_1005_,8.695
_1202_,8.695
_2951_,8.695
_3163_,8.695
_3838_,8.695
_2216_,8.675
_2558_,8.67
decode.i_instr_l\[0\],8.67
_0087_,8.665
_0194_,8.665
_0217_,8.665
_0385_,8.665
_0468_,8.665
_0498_,8.665
_2421_,8.655
_2690_,8.655
_2897_,8.655
_3025_,8.655
_3609_,8.655
_3679_,8.655
_3284_,8.64
execute.sreg_scratch.o_d\[9\],8.63
_1222_,8.62
_2660_,8.62
_3022_,8.62
_0329_,8.615
_1879_,8.615
_1979_,8.615
_2247_,8.615
_2256_,8.615
_3551_,8.615
_0686_,8.59
_2845_,8.575
_3727_,8.575
fetch.out_buffer_data_instr\[0\],8.565
_2347_,8.56
_2705_,8.56
_2864_,8.56
_2473_,8.555
_0082_,8.545
_3476_,8.535
_0201_,8.525
_0074_,8.515
_0893_,8.5
_1690_,8.5
_3111_,8.5
_3615_,8.5
dbg_out[10],8.5
dbg_out[11],8.5
dbg_out[12],8.5
dbg_out[19],8.5
dbg_out[1],8.5
dbg_out[21],8.5
dbg_out[23],8.5
dbg_out[24],8.5
dbg_out[25],8.5
dbg_out[26],8.5
dbg_out[27],8.5
dbg_out[28],8.5
dbg_out[2],8.5
dbg_out[4],8.5
dbg_out[9],8.5
dbg_pc[10],8.5
dbg_pc[11],8.5
dbg_pc[13],8.5
dbg_pc[14],8.5
dbg_pc[15],8.5
dbg_pc[1],8.5
dbg_pc[2],8.5
dbg_pc[3],8.5
dbg_pc[5],8.5
dbg_pc[6],8.5
dbg_pc[8],8.5
dbg_pc[9],8.5
dbg_r0[0],8.5
dbg_r0[10],8.5
dbg_r0[12],8.5
dbg_r0[14],8.5
dbg_r0[15],8.5
dbg_r0[1],8.5
dbg_r0[4],8.5
dbg_r0[5],8.5
dbg_r0[6],8.5
dbg_r0[7],8.5
dbg_r0[9],8.5
_3484_,8.495
_2441_,8.49
_0274_,8.48
_2463_,8.475
_1502_,8.455
_1760_,8.455
_2494_,8.435
_2677_,8.435
_0655_,8.42
_3071_,8.42
_2323_,8.415
_3288_,8.415
_1097_,8.4
_2144_,8.395
_0443_,8.38
_1950_,8.37
_0084_,8.355
_2501_,8.355
_2601_,8.35
execute.sreg_priv_control.o_d\[14\],8.34
_0950_,8.335
_1978_,8.33
_0225_,8.325
_0315_,8.325
_0351_,8.325
_0411_,8.325
_0778_,8.315
_2016_,8.315
_2533_,8.315
decode.i_imm_pass\[5\],8.315
execute.sreg_scratch.o_d\[5\],8.315
execute.sreg_scratch.o_d\[14\],8.295
_1522_,8.29
net35,8.28
_1268_,8.275
_1973_,8.275
_3017_,8.275
_3240_,8.275
_1272_,8.235
_1561_,8.235
_2542_,8.235
_3251_,8.235
_0771_,8.23
_2262_,8.21
_2276_,8.21
_0076_,8.205
_0497_,8.205
_0763_,8.2
_2733_,8.195
fetch.out_buffer_data_instr\[21\],8.195
_1008_,8.175
_2285_,8.175
execute.sreg_scratch.o_d\[13\],8.17
_0805_,8.16
_2312_,8.16
_0963_,8.155
_1243_,8.155
_1271_,8.155
_1646_,8.155
_1852_,8.155
_1919_,8.155
_2291_,8.155
_3026_,8.155
_3138_,8.155
_3162_,8.155
_3258_,8.155
_3746_,8.14
_3343_,8.135
_2416_,8.12
_1593_,8.115
_2096_,8.115
_2938_,8.115
_1785_,8.1
_3829_,8.1
_3002_,8.095
execute.mem_stage_pc\[9\],8.095
fetch.flush_event_invalidate,8.095
_0986_,8.09
_1477_,8.075
_2638_,8.075
_2115_,8.055
_3001_,8.055
_3080_,8.04
_0267_,8.025
_0603_,8.02
_1891_,7.995
_3189_,7.995
_0979_,7.99
_2460_,7.975
_2765_,7.955
_0335_,7.945
_0473_,7.91
_1074_,7.91
_1716_,7.91
_1829_,7.91
_2056_,7.91
_0353_,7.895
_1054_,7.895
_1726_,7.895
_2883_,7.895
_3498_,7.895
_3512_,7.895
_3778_,7.895
_2163_,7.89
_1096_,7.875
_3237_,7.87
_1840_,7.855
_2243_,7.855
_2254_,7.855
execute.sreg_priv_control.o_d\[6\],7.835
fetch.out_buffer_data_instr\[18\],7.83
fetch.out_buffer_data_instr\[9\],7.83
_0062_,7.82
_0410_,7.82
_2751_,7.82
_0882_,7.815
_1745_,7.815
_3180_,7.815
_3382_,7.815
_0205_,7.775
_0846_,7.775
_0852_,7.775
_0926_,7.775
_2614_,7.775
_2929_,7.775
_3702_,7.775
_2092_,7.77
_3745_,7.77
_0493_,7.755
_1992_,7.75
_0969_,7.735
_1653_,7.735
_2282_,7.735
_3019_,7.735
_3199_,7.735
_3483_,7.735
execute.mem_stage_pc\[13\],7.735
_1217_,7.715
_3010_,7.715
_2208_,7.71
fetch.out_buffer_data_instr\[20\],7.71
_1512_,7.705
_0886_,7.7
_1326_,7.7
_1932_,7.7
_2609_,7.69
_1151_,7.67
_1483_,7.67
_0625_,7.655
_2202_,7.655
_1444_,7.64
_1141_,7.635
_0541_,7.615
_0227_,7.6
_3281_,7.595
_0961_,7.58
_3461_,7.575
_0660_,7.57
_0921_,7.57
_1287_,7.57
_1293_,7.57
_3441_,7.57
o_icache_flush,7.565
o_instr_long_addr[1],7.565
sr_bus_addr[11],7.565
sr_bus_addr[12],7.565
sr_bus_addr[13],7.565
sr_bus_addr[1],7.565
sr_bus_addr[3],7.565
sr_bus_addr[7],7.565
sr_bus_data_o[0],7.565
sr_bus_data_o[10],7.565
sr_bus_data_o[13],7.565
sr_bus_data_o[14],7.565
sr_bus_data_o[15],7.565
sr_bus_data_o[4],7.565
_0595_,7.56
_2771_,7.56
_1018_,7.555
execute.prev_pc_high\[6\],7.54
_0245_,7.535
_3758_,7.52
_2716_,7.495
_2710_,7.49
_2693_,7.475
_1531_,7.46
_1270_,7.435
_1299_,7.435
_2971_,7.435
_3503_,7.435
_3575_,7.435
_3635_,7.435
_3712_,7.435
_3825_,7.435
_3411_,7.425
_0987_,7.415
_1485_,7.415
_3463_,7.415
_3535_,7.415
_0754_,7.41
_3197_,7.41
execute.prev_pc_high\[7\],7.41
_0165_,7.4
_3659_,7.4
_0554_,7.395
_1058_,7.395
_1191_,7.395
_1671_,7.395
_1793_,7.395
_2094_,7.395
_2194_,7.395
_2821_,7.395
_2954_,7.395
_2985_,7.395
_3261_,7.395
_3385_,7.395
_3637_,7.395
fetch.out_buffer_data_instr\[8\],7.395
clknet_leaf_1_i_clk,7.37
_0003_,7.36
_0017_,7.36
_0081_,7.36
_0255_,7.36
_0258_,7.36
_2301_,7.35
_0636_,7.315
_2151_,7.315
_2810_,7.315
_3744_,7.315
_3824_,7.315
decode.oc_alu_flags_ie,7.315
_0994_,7.31
_0160_,7.305
_1526_,7.29
_2038_,7.29
_1116_,7.285
_0617_,7.275
_0818_,7.275
_0964_,7.275
_1258_,7.275
_2219_,7.275
_3270_,7.275
_3283_,7.275
_3312_,7.275
net188,7.275
_3833_,7.255
_2352_,7.25
_1056_,7.24
_1545_,7.24
_2641_,7.24
_0236_,7.23
_1876_,7.22
_0320_,7.205
_1152_,7.2
_0451_,7.195
_2384_,7.195
_3450_,7.195
execute.sreg_priv_control.o_d\[11\],7.19
_2727_,7.18
_3201_,7.155
_1983_,7.15
_2606_,7.15
execute.sreg_scratch.o_d\[7\],7.15
net42,7.15
_0456_,7.14
_0724_,7.135
_3412_,7.13
_0890_,7.12
_1073_,7.12
_2562_,7.12
fetch.out_buffer_data_instr\[31\],7.105
_1571_,7.1
_0981_,7.09
_3482_,7.09
_1476_,7.08
_3181_,7.07
_3140_,7.055
execute.sreg_priv_control.o_d\[8\],7.055
_2587_,7.04
fetch.out_buffer_data_instr\[27\],7.035
_2281_,7.03
_0330_,7.005
_0111_,7
_0841_,6.975
_0895_,6.975
_1002_,6.975
_1296_,6.975
_1424_,6.975
_3034_,6.975
_3519_,6.975
_3540_,6.975
_3752_,6.975
_0321_,6.965
_1275_,6.955
_2048_,6.955
_2783_,6.955
_3711_,6.94
_0789_,6.935
_1049_,6.935
_1320_,6.935
_2007_,6.935
_2419_,6.935
_2899_,6.935
_2943_,6.935
_3179_,6.935
_3320_,6.935
_3529_,6.935
_0173_,6.925
_0191_,6.925
_2523_,6.91
_0690_,6.89
o_mem_addr[11],6.885
o_mem_addr[12],6.885
o_mem_addr[8],6.885
o_mem_addr[9],6.885
o_mem_data[0],6.885
o_mem_data[6],6.885
o_mem_data[7],6.885
o_req_addr[3],6.885
o_req_addr[5],6.885
o_req_addr[7],6.885
o_req_ppl_submit,6.885
_3469_,6.875
_0556_,6.855
_1014_,6.855
_1145_,6.855
_1887_,6.855
_2427_,6.855
_3351_,6.855
execute.sreg_scratch.o_d\[10\],6.855
execute.sreg_scratch.o_d\[11\],6.85
_3292_,6.835
_0241_,6.815
_1043_,6.815
_1175_,6.815
_1262_,6.815
_1794_,6.815
_2172_,6.815
_2395_,6.815
_2746_,6.815
_2909_,6.815
_2926_,6.815
_3549_,6.815
_3772_,6.815
_2319_,6.805
_1832_,6.795
_1843_,6.795
_3837_,6.795
_2053_,6.79
_2118_,6.79
_1021_,6.76
_1762_,6.73
_1763_,6.73
_2290_,6.73
_2813_,6.72
_1228_,6.715
_2306_,6.715
_2148_,6.71
_0360_,6.695
_2491_,6.69
execute.mem_stage_pc\[5\],6.69
_0184_,6.685
_0233_,6.685
_0171_,6.68
_1957_,6.67
_0121_,6.66
_0622_,6.66
_2405_,6.66
_3448_,6.66
_0196_,6.64
_2104_,6.64
_3008_,6.64
_2701_,6.635
_0336_,6.615
_1629_,6.615
_1909_,6.61
_3397_,6.6
_0095_,6.595
_2398_,6.595
_0238_,6.58
_3097_,6.575
execute.alu_mul_div.cbit\[3\],6.575
_1698_,6.55
_1838_,6.55
o_mem_addr[13],6.545
_0162_,6.54
_3427_,6.54
_0060_,6.52
_0733_,6.515
_1255_,6.515
_1282_,6.515
_1548_,6.515
_0124_,6.5
_1138_,6.495
_2074_,6.495
_2564_,6.495
_0866_,6.49
_2225_,6.49
_3285_,6.48
_1130_,6.475
_1190_,6.475
_1257_,6.475
_2226_,6.475
_2640_,6.475
_2984_,6.475
_3018_,6.475
_3371_,6.475
_3384_,6.475
_3802_,6.475
_3808_,6.475
_0080_,6.44
_0182_,6.44
_0186_,6.44
_0264_,6.44
_0439_,6.44
_0717_,6.425
_0154_,6.4
_0169_,6.4
_0187_,6.4
_0750_,6.395
_1080_,6.395
_1142_,6.395
_1241_,6.395
_2137_,6.395
_2380_,6.395
_2450_,6.395
_3216_,6.395
_3280_,6.395
_3421_,6.395
net189,6.395
_2445_,6.39
_1095_,6.375
_0098_,6.365
_0688_,6.355
_0722_,6.355
_1055_,6.355
_1089_,6.355
_1242_,6.355
_1817_,6.355
_2388_,6.355
_2637_,6.355
_3073_,6.355
_3423_,6.355
_3550_,6.355
_3815_,6.355
_3820_,6.355
_3823_,6.355
fetch.out_buffer_data_instr\[25\],6.35
_0537_,6.32
_2824_,6.32
_3021_,6.32
_3182_,6.32
_0243_,6.3
_0924_,6.3
_3670_,6.275
execute.mem_stage_pc\[4\],6.27
_0398_,6.255
_2725_,6.255
fetch.out_buffer_data_instr\[28\],6.255
_0367_,6.24
_1588_,6.235
_0361_,6.225
_1778_,6.205
_0876_,6.2
_2166_,6.2
net162,6.2
net179,6.2
_0474_,6.18
_0662_,6.18
_0880_,6.18
net187,6.18
_3459_,6.165
_1001_,6.155
_1232_,6.155
_2186_,6.15
_2903_,6.15
_0598_,6.14
_3247_,6.135
_2615_,6.115
_1680_,6.11
_0745_,6.085
_3474_,6.085
_0108_,6.08
net32,6.08
_0281_,6.06
_0584_,6.055
_0952_,6.055
_1015_,6.055
_1072_,6.055
_1772_,6.055
_2149_,6.055
_2760_,6.055
_2868_,6.055
_3366_,6.055
_0188_,6.04
_0342_,6.04
_0472_,6.04
_0551_,6.015
_0658_,6.015
_0942_,6.015
_0996_,6.015
_1245_,6.015
_1454_,6.015
_1871_,6.015
_2748_,6.015
_2890_,6.015
_2980_,6.015
_3027_,6.015
_3102_,6.015
_3520_,6.015
_2286_,6.01
_1007_,5.99
_1564_,5.99
_2628_,5.98
_2950_,5.98
_0326_,5.96
_1890_,5.96
_3602_,5.94
_0739_,5.935
_2826_,5.935
_2858_,5.935
_2879_,5.935
_3023_,5.935
_3232_,5.935
_3394_,5.935
_0579_,5.915
_3408_,5.905
_3610_,5.9
_0515_,5.895
_0545_,5.895
_0827_,5.895
_0956_,5.895
_0965_,5.895
_1203_,5.895
_1223_,5.895
_1244_,5.895
_1294_,5.895
_1481_,5.895
_1724_,5.895
_1801_,5.895
_2633_,5.895
_2634_,5.895
_2878_,5.895
_3190_,5.895
_3208_,5.895
_3396_,5.895
_3444_,5.895
_3555_,5.895
_3561_,5.895
_3801_,5.895
_3831_,5.895
_2772_,5.875
_2997_,5.87
o_mem_addr[14],5.865
o_mem_addr[7],5.865
o_mem_long,5.865
o_req_addr[12],5.865
o_req_addr[1],5.865
o_req_addr[2],5.865
o_req_addr[4],5.865
_0693_,5.86
_3449_,5.845
_0145_,5.84
_1084_,5.84
_3502_,5.84
_0430_,5.835
_0651_,5.835
_0365_,5.82
_0438_,5.82
execute.sreg_scratch.o_d\[4\],5.82
_0448_,5.815
_2027_,5.815
_3442_,5.815
_3539_,5.8
_0161_,5.795
_0164_,5.795
_0259_,5.795
_0421_,5.795
_0631_,5.775
_3150_,5.775
_3490_,5.775
_1101_,5.77
_1926_,5.77
_0018_,5.76
_2333_,5.745
_1278_,5.74
_1841_,5.74
_2901_,5.74
_0037_,5.72
_0118_,5.72
_0562_,5.72
_0946_,5.72
_1273_,5.72
_1893_,5.72
_3103_,5.72
_3787_,5.715
_3826_,5.68
_0103_,5.65
_3250_,5.65
_0200_,5.64
_0324_,5.64
_0399_,5.62
_3302_,5.62
_1189_,5.615
_1188_,5.6
_3122_,5.6
_0249_,5.595
_1211_,5.595
_1269_,5.595
_1333_,5.595
_1533_,5.595
_1751_,5.595
_1873_,5.595
_2079_,5.595
_2407_,5.595
_2833_,5.595
_3249_,5.595
_3368_,5.595
_1487_,5.58
_0426_,5.555
_0919_,5.555
_1150_,5.555
_1385_,5.555
_1757_,5.555
_2719_,5.555
_2886_,5.555
_3319_,5.555
_3445_,5.555
_3487_,5.555
_3571_,5.555
_3762_,5.555
_3812_,5.555
_0020_,5.545
_0106_,5.53
_2058_,5.53
o_c_instr_long,5.525
o_instr_long_addr[0],5.525
o_mem_addr[15],5.525
o_mem_data[1],5.525
o_mem_data[2],5.525
o_mem_data[4],5.525
o_mem_data[5],5.525
_0386_,5.52
_1706_,5.52
_0559_,5.5
execute.prev_pc_high\[5\],5.5
_0564_,5.475
_0939_,5.475
_1019_,5.475
_1107_,5.475
_1281_,5.475
_1603_,5.475
_1657_,5.475
_1896_,5.475
_3228_,5.475
_3505_,5.475
_3508_,5.475
_2400_,5.47
_2848_,5.46
_0052_,5.435
_0056_,5.435
_0190_,5.435
_0228_,5.435
_0467_,5.435
_0489_,5.435
_0563_,5.435
_0615_,5.435
_0682_,5.435
_1070_,5.435
_1092_,5.435
_1109_,5.435
_1194_,5.435
_1225_,5.435
_1227_,5.435
_1566_,5.435
_1807_,5.435
_1858_,5.435
_2649_,5.435
_3152_,5.435
_3311_,5.435
_3322_,5.435
_3440_,5.435
_3443_,5.435
_3481_,5.435
_3494_,5.435
_3526_,5.435
_3684_,5.435
_3775_,5.435
net21,5.435
_0251_,5.42
_1812_,5.4
_3058_,5.4
_3300_,5.4
_3493_,5.4
_2913_,5.39
_3567_,5.38
_3839_,5.38
_0948_,5.375
_2726_,5.375
_2822_,5.375
_3342_,5.355
_1441_,5.35
_0471_,5.345
_1831_,5.34
_2238_,5.335
execute.mem_stage_pc\[6\],5.335
_1968_,5.31
_2359_,5.31
_3271_,5.31
decode.i_imm_pass\[8\],5.31
_0028_,5.305
_0220_,5.3
_0418_,5.3
_0483_,5.3
_0757_,5.28
_1547_,5.28
_1845_,5.28
_2788_,5.28
_3811_,5.28
_0629_,5.26
_3176_,5.26
_0555_,5.24
_0469_,5.215
_1009_,5.215
_2967_,5.215
_3230_,5.215
_0031_,5.2
_0130_,5.19
_0279_,5.19
_0440_,5.19
_0455_,5.19
_0611_,5.19
_0949_,5.19
_1061_,5.19
_1078_,5.19
_1237_,5.19
_1250_,5.19
_1766_,5.19
_1799_,5.19
_1849_,5.19
_2317_,5.19
_2373_,5.19
_2525_,5.19
_3310_,5.19
_3470_,5.19
_3515_,5.19
_3527_,5.19
_0500_,5.185
_3156_,5.165
_0931_,5.135
_0935_,5.135
_1231_,5.135
_1784_,5.135
_1819_,5.135
_1848_,5.135
_2636_,5.135
_2870_,5.135
_0352_,5.115
_0363_,5.095
_0450_,5.095
_0542_,5.095
_0602_,5.095
_1065_,5.095
_1081_,5.095
_1215_,5.095
_1221_,5.095
_1235_,5.095
_1247_,5.095
_1251_,5.095
_1297_,5.095
_1529_,5.095
_1694_,5.095
_1749_,5.095
_1753_,5.095
_1842_,5.095
_2678_,5.095
_2808_,5.095
_2961_,5.095
_3119_,5.095
_3171_,5.095
_3174_,5.095
_3200_,5.095
_3313_,5.095
_3317_,5.095
_3399_,5.095
_3426_,5.095
_3428_,5.095
_3438_,5.095
_3467_,5.095
_3488_,5.095
_3530_,5.095
_3531_,5.095
_3559_,5.095
_3564_,5.095
_3768_,5.095
_2178_,5.065
_0022_,5.06
_0405_,5.06
_0918_,5.06
_2888_,5.06
_2931_,5.06
_1532_,5.04
_1076_,5.015
_1274_,5.015
_1286_,5.015
_1470_,5.015
_1617_,5.015
_2210_,5.015
_2516_,5.015
_2889_,5.015
_3400_,5.015
_3573_,5.015
_3662_,5.015
_3303_,5
_1741_,4.995
_0501_,4.965
_3355_,4.95
_0316_,4.945
_0119_,4.94
_1086_,4.94
_3011_,4.94
_3350_,4.94
_3419_,4.94
_3536_,4.94
_2509_,4.93
_0117_,4.92
_0707_,4.92
_0015_,4.915
_3725_,4.915
_0475_,4.905
_0907_,4.9
_1754_,4.895
_3309_,4.895
_0030_,4.85
_0063_,4.85
_0149_,4.85
_0957_,4.85
_1025_,4.85
_1146_,4.85
_1147_,4.85
_1230_,4.85
_1238_,4.85
_1266_,4.85
_1374_,4.85
_1786_,4.85
_1839_,4.85
_2495_,4.85
_2596_,4.85
_2604_,4.85
_3107_,4.85
_3239_,4.85
_3402_,4.85
_3510_,4.85
_3541_,4.85
_3816_,4.85
_3818_,4.85
_0343_,4.845
_0248_,4.82
_1686_,4.82
_1742_,4.82
_2976_,4.82
_3821_,4.82
_0069_,4.8
_0072_,4.8
_0179_,4.8
_0262_,4.8
_0441_,4.8
_0036_,4.795
_0138_,4.795
_0550_,4.795
_2906_,4.795
_3214_,4.795
_0269_,4.785
_1752_,4.775
_2204_,4.775
_0054_,4.755
_0088_,4.755
_0129_,4.755
_3267_,4.755
execute.prev_pc_high\[0\],4.745
_0053_,4.72
_0055_,4.72
_0068_,4.72
_0090_,4.72
_0102_,4.72
_0275_,4.7
_0333_,4.7
_3460_,4.695
_1764_,4.68
_0599_,4.675
_0647_,4.675
_1229_,4.675
_1254_,4.675
_2136_,4.675
_2260_,4.675
_2718_,4.675
_2844_,4.675
_2869_,4.675
_2914_,4.675
_2927_,4.675
_2965_,4.675
_3134_,4.675
_3145_,4.675
_3369_,4.675
_3714_,4.675
_2796_,4.66
_0725_,4.655
_1451_,4.655
_3755_,4.655
_0207_,4.625
_0010_,4.6
_0021_,4.6
_0345_,4.6
_0392_,4.6
_0406_,4.6
_0424_,4.6
_2022_,4.6
_2676_,4.6
_3750_,4.6
_3287_,4.58
_0875_,4.555
_1047_,4.555
_1391_,4.555
_1433_,4.555
_1806_,4.555
_1815_,4.555
_1830_,4.555
_2042_,4.555
_2320_,4.555
_2392_,4.555
_2891_,4.555
_2894_,4.555
_3146_,4.555
_3325_,4.555
_3548_,4.555
_3694_,4.555
_3748_,4.555
_3835_,4.555
_0641_,4.535
_1432_,4.525
_0139_,4.51
_0260_,4.51
_0727_,4.51
_0002_,4.48
_0195_,4.48
_0293_,4.48
_0364_,4.48
_0491_,4.48
_0646_,4.48
_0896_,4.48
_0922_,4.48
_1777_,4.48
_1916_,4.48
_2105_,4.48
_2907_,4.48
_3154_,4.48
_3420_,4.48
_3537_,4.48
_0436_,4.455
_3233_,4.455
_0377_,4.445
_3405_,4.435
_1407_,4.425
_0533_,4.415
_0557_,4.415
_1810_,4.415
_3253_,4.415
_2975_,4.395
_0006_,4.38
_0034_,4.38
_0209_,4.38
_1213_,4.36
_1276_,4.36
_1738_,4.36
_1836_,4.36
_3020_,4.36
_3572_,4.36
_3770_,4.36
_3793_,4.34
_1063_,4.335
_3568_,4.335
_0096_,4.325
_0097_,4.325
_0101_,4.325
_0104_,4.325
_0107_,4.325
_0445_,4.325
_0485_,4.325
_1685_,4.315
_2876_,4.315
_0163_,4.28
_0357_,4.28
_0136_,4.265
_0061_,4.26
_0099_,4.26
_0270_,4.26
_0272_,4.26
_0286_,4.26
_0496_,4.26
_0294_,4.215
_0644_,4.215
_0721_,4.215
_0920_,4.215
_0960_,4.215
_1051_,4.215
_1085_,4.215
_1172_,4.215
_1261_,4.215
_1528_,4.215
_1673_,4.215
_1886_,4.215
_2233_,4.215
_2673_,4.215
_2679_,4.215
_3387_,4.215
_3409_,4.215
_3546_,4.215
_3690_,4.215
_0094_,4.18
_0390_,4.18
_0023_,4.14
_0078_,4.14
_0328_,4.14
_0366_,4.14
_0675_,4.14
_1473_,4.14
_1798_,4.14
_2054_,4.14
_2650_,4.14
_2672_,4.14
_2884_,4.14
_0038_,4.095
_0199_,4.095
_0782_,4.095
_0934_,4.095
_1196_,4.095
_1736_,4.095
_1739_,4.095
_1868_,4.095
_2203_,4.095
_2386_,4.095
_2608_,4.095
_2732_,4.095
_3110_,4.095
_3155_,4.095
_3222_,4.095
_3306_,4.095
_3375_,4.095
_3524_,4.095
_3534_,4.095
_3574_,4.095
_3749_,4.095
_0000_,4.02
_0213_,4.02
_0962_,4.02
_0966_,4.02
_1178_,4.02
_1594_,4.02
_1825_,4.02
_1877_,4.02
_1880_,4.02
_3362_,4.02
_3407_,4.02
_3432_,4.02
_3433_,4.02
_3454_,4.02
_3455_,4.02
_3471_,4.02
_3623_,4.02
_2828_,4
_3277_,4
_0181_,3.995
_0235_,3.995
_0373_,3.995
_0396_,3.995
_0572_,3.995
_3563_,3.995
_0123_,3.985
_0224_,3.985
_0482_,3.985
_0370_,3.975
_0404_,3.975
_0176_,3.965
_2856_,3.93
_0042_,3.92
_0077_,3.92
_0206_,3.92
_0297_,3.92
_0299_,3.92
_0305_,3.92
_0307_,3.92
_0362_,3.92
_3495_,3.915
_1688_,3.91
_0257_,3.9
_0596_,3.9
_0888_,3.9
_1040_,3.9
_1214_,3.9
_1216_,3.9
_1219_,3.9
_1253_,3.9
_1259_,3.9
_1295_,3.9
_1404_,3.9
_1660_,3.9
_2635_,3.9
_2666_,3.9
_2699_,3.9
_2920_,3.9
_3087_,3.9
_3556_,3.9
_3558_,3.9
_3626_,3.9
_3804_,3.9
_3813_,3.9
_3819_,3.9
_3842_,3.9
_1233_,3.88
_3473_,3.88
_0313_,3.875
_0656_,3.875
_0075_,3.865
_0086_,3.865
_0089_,3.865
_0091_,3.865
_0092_,3.865
_0135_,3.865
_0271_,3.865
_0290_,3.865
_0422_,3.865
_0446_,3.865
_0457_,3.865
_0459_,3.865
_0490_,3.865
_0494_,3.865
_3294_,3.86
_2627_,3.855
_0347_,3.83
_0143_,3.8
_0189_,3.78
_0223_,3.78
_0256_,3.78
_0308_,3.78
_0348_,3.78
_0172_,3.755
_0548_,3.755
_0589_,3.755
_1033_,3.755
_1176_,3.755
_1453_,3.755
_1637_,3.755
_2071_,3.755
_2409_,3.755
_2702_,3.755
_2815_,3.755
_2820_,3.755
_2953_,3.755
_2959_,3.755
_3417_,3.755
_3652_,3.755
_3841_,3.755
_1846_,3.735
_2932_,3.735
_0127_,3.72
_0148_,3.72
_0197_,3.72
_0064_,3.68
_0155_,3.68
_0185_,3.68
_0202_,3.68
_0350_,3.68
_0356_,3.68
_0425_,3.68
_0578_,3.68
_0581_,3.68
_0606_,3.68
_2215_,3.68
_2668_,3.68
_2807_,3.68
_2969_,3.68
_3252_,3.68
_3282_,3.68
_3323_,3.68
_0479_,3.675
_1364_,3.64
_0045_,3.635
_0310_,3.635
_0726_,3.635
_0958_,3.635
_1035_,3.635
_1256_,3.635
_1284_,3.635
_1530_,3.635
_1733_,3.635
_1781_,3.635
_1944_,3.635
_2651_,3.635
_2739_,3.635
_2860_,3.635
_2930_,3.635
_3242_,3.635
_3354_,3.635
_3538_,3.635
_3681_,3.635
_1201_,3.6
_0358_,3.56
_0374_,3.56
_0575_,3.56
_1137_,3.56
_1187_,3.56
_2749_,3.56
_2823_,3.56
_2966_,3.56
_3061_,3.56
_3118_,3.56
_3416_,3.56
_3464_,3.56
_3528_,3.56
_3401_,3.545
_1804_,3.535
_3157_,3.535
_0016_,3.525
_0354_,3.525
_0368_,3.525
_0387_,3.525
_0400_,3.525
_0408_,3.525
_0499_,3.525
_0318_,3.515
_3142_,3.515
_0019_,3.46
_0025_,3.46
_0210_,3.46
_0416_,3.46
_1239_,3.44
_1298_,3.44
_1725_,3.44
_1734_,3.44
_2852_,3.44
_2981_,3.44
_2983_,3.44
_3562_,3.44
_3581_,3.44
_0621_,3.42
_1750_,3.42
_0412_,3.415
_1198_,3.415
_2464_,3.415
_2770_,3.415
_0332_,3.395
_3167_,3.395
_1059_,3.375
_0484_,3.34
_1425_,3.33
_0073_,3.32
_0167_,3.32
_0265_,3.32
_0359_,3.32
_0382_,3.32
_0444_,3.32
_3497_,3.315
_0009_,3.295
_0242_,3.295
_0291_,3.295
_0540_,3.295
_0661_,3.295
_0729_,3.295
_0861_,3.295
_0884_,3.295
_0908_,3.295
_0970_,3.295
_1066_,3.295
_1087_,3.295
_1260_,3.295
_1280_,3.295
_1301_,3.295
_1524_,3.295
_1792_,3.295
_1850_,3.295
_2211_,3.295
_2364_,3.295
_2518_,3.295
_2539_,3.295
_2847_,3.295
_2850_,3.295
_2939_,3.295
_3072_,3.295
_3086_,3.295
_3093_,3.295
_3183_,3.295
_3307_,3.295
_3569_,3.295
_3590_,3.295
_3614_,3.295
_3754_,3.295
_3805_,3.295
execute.next_ready_delayed,3.295
_0166_,3.26
_0170_,3.26
_0413_,3.26
_0476_,3.26
_0480_,3.26
_0394_,3.245
_0590_,3.22
_0881_,3.22
_1495_,3.22
_1820_,3.22
_3024_,3.22
_3329_,3.22
_3809_,3.22
_3828_,3.22
_1883_,3.2
_3675_,3.195
_0011_,3.175
_0027_,3.175
_0041_,3.175
_0048_,3.175
_0116_,3.175
_0192_,3.175
_0203_,3.175
_0221_,3.175
_0298_,3.175
_0571_,3.175
_0586_,3.175
_0594_,3.175
_0608_,3.175
_0630_,3.175
_0927_,3.175
_0974_,3.175
_1057_,3.175
_1062_,3.175
_1252_,3.175
_1729_,3.175
_1732_,3.175
_1737_,3.175
_1856_,3.175
_1907_,3.175
_1915_,3.175
_2005_,3.175
_2593_,3.175
_2644_,3.175
_2735_,3.175
_2774_,3.175
_2786_,3.175
_2835_,3.175
_3035_,3.175
_3065_,3.175
_3100_,3.175
_3263_,3.175
_3344_,3.175
_3378_,3.175
_3486_,3.175
_3491_,3.175
_3552_,3.175
_3605_,3.175
_3673_,3.175
execute.hold_valid,3.175
_1904_,3.14
_3141_,3.14
_1127_,3.135
_0049_,3.13
_3720_,3.12
_0066_,3.1
_0325_,3.1
_0858_,3.1
_1069_,3.1
_1647_,3.1
_2654_,3.1
_3046_,3.1
_1552_,3.09
_1067_,3.085
_0954_,3.08
_2078_,3.08
_3466_,3.08
_0059_,3.075
_0110_,3.075
_0131_,3.075
_0193_,3.075
_0216_,3.075
_0323_,3.075
_0338_,3.075
_0341_,3.075
_0344_,3.075
_0407_,3.075
_0588_,3.075
_2986_,3.075
_3291_,3.075
_3485_,3.065
_0372_,3.055
_0478_,3.055
_2792_,3.055
_3338_,3.055
_0065_,3
_0079_,3
_0112_,3
_0114_,3
_0317_,3
_0384_,3
_0389_,3
_0643_,2.98
_0839_,2.98
_1046_,2.98
_1077_,2.98
_1204_,2.98
_1290_,2.98
_1300_,2.98
_1447_,2.98
_1491_,2.98
_1510_,2.98
_1582_,2.98
_1662_,2.98
_1719_,2.98
_1735_,2.98
_1783_,2.98
_2602_,2.98
_2908_,2.98
_2989_,2.98
_2990_,2.98
_2991_,2.98
_3148_,2.98
_3316_,2.98
_3554_,2.98
_3799_,2.98
net190,2.98
net192,2.98
_2814_,2.96
_0093_,2.955
_0285_,2.955
_0427_,2.955
_0513_,2.955
_1318_,2.955
_2877_,2.955
_2946_,2.955
_0122_,2.94
_3406_,2.855
_0046_,2.835
_0067_,2.835
_0214_,2.835
_0282_,2.835
_0300_,2.835
_0302_,2.835
_0715_,2.835
_0769_,2.835
_0883_,2.835
_0887_,2.835
_0923_,2.835
_1052_,2.835
_1091_,2.835
_1156_,2.835
_1236_,2.835
_1728_,2.835
_1759_,2.835
_1790_,2.835
_1857_,2.835
_2084_,2.835
_2161_,2.835
_2234_,2.835
_2722_,2.835
_3049_,2.835
_3092_,2.835
_3166_,2.835
_3170_,2.835
_3264_,2.835
_3308_,2.835
_3314_,2.835
_3431_,2.835
_3447_,2.835
_3514_,2.835
_3589_,2.835
_3596_,2.835
_3760_,2.835
_3814_,2.835
_0158_,2.81
_0212_,2.81
_0466_,2.81
_0314_,2.8
_0177_,2.785
_1163_,2.76
_2111_,2.76
_2915_,2.76
_3212_,2.76
_3301_,2.76
_3797_,2.76
_1098_,2.745
_0035_,2.735
_0379_,2.735
_1398_,2.73
_3430_,2.73
_0001_,2.715
_0029_,2.715
_0032_,2.715
_0039_,2.715
_0044_,2.715
_0047_,2.715
_0115_,2.715
_0133_,2.715
_0146_,2.715
_0147_,2.715
_0208_,2.715
_0222_,2.715
_0276_,2.715
_0277_,2.715
_0288_,2.715
_0295_,2.715
_0309_,2.715
_0322_,2.715
_0327_,2.715
_0334_,2.715
_0355_,2.715
_0383_,2.715
_0428_,2.715
_0429_,2.715
_0435_,2.715
_0470_,2.715
_0495_,2.715
_0521_,2.715
_0524_,2.715
_0834_,2.715
_0885_,2.715
_0930_,2.715
_0978_,2.715
_1068_,2.715
_1157_,2.715
_1177_,2.715
_1209_,2.715
_1408_,2.715
_1412_,2.715
_1546_,2.715
_1664_,2.715
_1682_,2.715
_1701_,2.715
_1755_,2.715
_1800_,2.715
_1814_,2.715
_1901_,2.715
_2528_,2.715
_2557_,2.715
_2621_,2.715
_2625_,2.715
_2630_,2.715
_2684_,2.715
_2859_,2.715
_3014_,2.715
_3079_,2.715
_3274_,2.715
_3321_,2.715
_3334_,2.715
_3379_,2.715
_3381_,2.715
_3437_,2.715
_3452_,2.715
_3504_,2.715
_3509_,2.715
_3517_,2.715
_3570_,2.715
_3737_,2.715
_3766_,2.715
_1439_,2.63
_3161_,2.62
_0549_,2.615
_0720_,2.615
_1017_,2.615
_1782_,2.615
_1867_,2.615
_2527_,2.615
_2867_,2.615
_0339_,2.585
_0477_,2.585
_0051_,2.54
_0144_,2.54
_0231_,2.54
_0234_,2.54
_0287_,2.54
_0289_,2.54
_0303_,2.54
_0319_,2.54
_0409_,2.54
_3496_,2.525
_0301_,2.495
_0776_,2.495
_1329_,2.495
_1446_,2.495
_2691_,2.495
_3053_,2.495
_0050_,2.47
_0057_,2.47
_0070_,2.47
_0109_,2.47
_0134_,2.47
_0157_,2.47
_0219_,2.47
_0232_,2.47
_0273_,2.47
_0371_,2.47
_0397_,2.47
_0454_,2.47
_0488_,2.47
_0492_,2.47
_0539_,2.47
_0613_,2.47
_0628_,2.47
_0654_,2.47
_0667_,2.47
_0685_,2.47
_1032_,2.47
_1100_,2.47
_1143_,2.47
_1585_,2.47
_1869_,2.47
_1913_,2.47
_2182_,2.47
_2218_,2.47
_2655_,2.47
_2728_,2.47
_2766_,2.47
_2827_,2.47
_3031_,2.47
_3135_,2.47
_3169_,2.47
_3223_,2.47
_3315_,2.47
_3373_,2.47
_3422_,2.47
_3516_,2.47
_3557_,2.47
_3560_,2.47
_3641_,2.47
_3646_,2.47
_3666_,2.47
_3807_,2.47
_3830_,2.47
_3429_,2.435
_0402_,2.42
_0024_,2.375
_0058_,2.375
_0100_,2.375
_0159_,2.375
_0246_,2.375
_0252_,2.375
_0434_,2.375
_0546_,2.375
_0587_,2.375
_0612_,2.375
_0632_,2.375
_0681_,2.375
_0855_,2.375
_1094_,2.375
_1131_,2.375
_1148_,2.375
_1168_,2.375
_1212_,2.375
_1399_,2.375
_1423_,2.375
_1438_,2.375
_1484_,2.375
_1592_,2.375
_1727_,2.375
_1731_,2.375
_1795_,2.375
_1859_,2.375
_2344_,2.375
_2517_,2.375
_2591_,2.375
_2662_,2.375
_2665_,2.375
_2729_,2.375
_2837_,2.375
_2952_,2.375
_2998_,2.375
_3015_,2.375
_3069_,2.375
_3104_,2.375
_3117_,2.375
_3127_,2.375
_3269_,2.375
_3295_,2.375
_3318_,2.375
_3395_,2.375
_3404_,2.375
_3418_,2.375
_3507_,2.375
_3513_,2.375
_3525_,2.375
_3547_,2.375
_3653_,2.375
_3781_,2.375
_3822_,2.375
_2922_,2.36
_0040_,2.34
_0105_,2.34
_0113_,2.34
_0168_,2.34
_0204_,2.34
_0304_,2.34
_0311_,2.34
_0346_,2.34
_0378_,2.34
_0403_,2.34
_0415_,2.34
_0442_,2.34
_0465_,2.34
_0349_,2.325
_0649_,2.3
_1129_,2.3
_1556_,2.3
_2659_,2.3
_3788_,2.3
_3834_,2.3
_3472_,2.185
_1607_,2.155
_1648_,2.155
_2924_,2.155
_0240_,2.13
_0278_,2.13
_0280_,2.13
_0431_,2.13
_0604_,2.13
_0607_,2.13
_0663_,2.13
_1016_,2.13
_1170_,2.13
_1248_,2.13
_1263_,2.13
_1291_,2.13
_1357_,2.13
_1431_,2.13
_1492_,2.13
_1505_,2.13
_1723_,2.13
_1730_,2.13
_1837_,2.13
_2249_,2.13
_2391_,2.13
_2510_,2.13
_2754_,2.13
_2759_,2.13
_2773_,2.13
_2787_,2.13
_2912_,2.13
_2935_,2.13
_2982_,2.13
_2999_,2.13
_3462_,2.13
_3566_,2.13
_0004_,2.08
_0180_,2.08
_0215_,2.08
_0218_,2.08
_0263_,2.08
_0380_,2.08
_0417_,2.08
_0487_,2.08
_0137_,2.035
_0175_,2.035
_0178_,2.035
_0340_,2.035
_0381_,2.035
_0414_,2.035
_0433_,2.035
_0481_,2.035
_1140_,2.035
_1940_,2.035
_2841_,2.035
_3186_,2.035
_3256_,2.035
_3364_,2.035
_3009_,2.025
_3094_,1.99
_0071_,1.79
_0083_,1.79
_0085_,1.79
_0132_,1.79
_0198_,1.79
_0237_,1.79
_0284_,1.79
_0331_,1.79
_0375_,1.79
_0388_,1.79
_0395_,1.79
_0437_,1.79
_0453_,1.79
_0464_,1.79
_0486_,1.79
_0730_,1.79
_3204_,1.79
_2667_,1.695
_2688_,1.695
_0558_,1.45
_0639_,1.45
_2632_,1.45
_2919_,1.45
_3289_,1.45
